[048月2026 10:40:01.562] [main/INFO] [cpw.mods.modlauncher.Launcher/MODLAUNCHER]: ModLauncher running: args [--username, YZYHDG, --version, 测试MOD, --gameDir, D:\game\mc\.minecraft\versions\测试MOD, --assetsDir, D:\game\mc\.minecraft\assets, --assetIndex, 5, --uuid, 7910c30aeb484139ae9b8b0ce7fc4aae, --accessToken, ????????, --clientId, ${clientid}, --xuid, ${auth_xuid}, --userType, msa, --versionType, PCL, --width, 854, --height, 480, --launchTarget, forgeclient, --fml.forgeVersion, 47.4.20, --fml.mcVersion, 1.20.1, --fml.forgeGroup, net.minecraftforge, --fml.mcpVersion, 20230612.114412, --fullscreen]
[048月2026 10:40:01.566] [main/INFO] [cpw.mods.modlauncher.Launcher/MODLAUNCHER]: ModLauncher 10.0.9+10.0.9+main.dcd20f30 starting: java version 25.0.1 by Microsoft; OS Windows 11 arch amd64 version 10.0
[048月2026 10:40:01.584] [main/DEBUG] [cpw.mods.modlauncher.LaunchServiceHandler/MODLAUNCHER]: Found launch services [fmlclientdev,forgeclient,minecraft,forgegametestserverdev,fmlserveruserdev,fmlclient,fmldatauserdev,forgeserverdev,forgeserveruserdev,forgeclientdev,forgeclientuserdev,forgeserver,forgedatadev,fmlserver,fmlclientuserdev,fmlserverdev,forgedatauserdev,testharness,forgegametestserveruserdev]
[048月2026 10:40:01.592] [main/DEBUG] [cpw.mods.modlauncher.NameMappingServiceHandler/MODLAUNCHER]: Found naming services : [srgtomcp]
[048月2026 10:40:01.603] [main/DEBUG] [cpw.mods.modlauncher.LaunchPluginHandler/MODLAUNCHER]: Found launch plugins: [mixin,eventbus,slf4jfixer,object_holder_definalize,runtime_enum_extender,capability_token_subclass,accesstransformer,runtimedistcleaner]
[048月2026 10:40:01.609] [main/DEBUG] [cpw.mods.modlauncher.TransformationServicesHandler/MODLAUNCHER]: Discovering transformation services
[048月2026 10:40:01.613] [main/DEBUG] [net.minecraftforge.fml.loading.FMLPaths/CORE]: Path GAMEDIR is D:\game\mc\.minecraft\versions\测试MOD
[048月2026 10:40:01.613] [main/DEBUG] [net.minecraftforge.fml.loading.FMLPaths/CORE]: Path MODSDIR is D:\game\mc\.minecraft\versions\测试MOD\mods
[048月2026 10:40:01.613] [main/DEBUG] [net.minecraftforge.fml.loading.FMLPaths/CORE]: Path CONFIGDIR is D:\game\mc\.minecraft\versions\测试MOD\config
[048月2026 10:40:01.613] [main/DEBUG] [net.minecraftforge.fml.loading.FMLPaths/CORE]: Path FMLCONFIG is D:\game\mc\.minecraft\versions\测试MOD\config\fml.toml
[048月2026 10:40:02.008] [main/DEBUG] [cpw.mods.modlauncher.TransformationServicesHandler/MODLAUNCHER]: Found additional transformation services from discovery services: [D:\game\mc\.minecraft\versions\测试MOD\mods\[自动汉化更新] I18nUpdateMod-3.7.0-all.jar]
[048月2026 10:40:02.016] [main/INFO] [net.minecraftforge.fml.loading.ImmediateWindowHandler/]: Loading ImmediateWindowProvider fmlearlywindow
[048月2026 10:40:02.093] [main/INFO] [EARLYDISPLAY/]: Trying GL version 4.6
[048月2026 10:40:02.407] [main/INFO] [EARLYDISPLAY/]: Requested GL version 4.6 got version 4.6
[048月2026 10:40:02.440] [main/DEBUG] [cpw.mods.modlauncher.TransformationServicesHandler/MODLAUNCHER]: Found transformer services : [mixin,fml,I18nUpdateMod]
[048月2026 10:40:02.440] [main/DEBUG] [cpw.mods.modlauncher.TransformationServicesHandler/MODLAUNCHER]: Transformation services loading
[048月2026 10:40:02.440] [main/DEBUG] [cpw.mods.modlauncher.TransformationServiceDecorator/MODLAUNCHER]: Loading service mixin
[048月2026 10:40:02.440] [main/DEBUG] [cpw.mods.modlauncher.TransformationServiceDecorator/MODLAUNCHER]: Loaded service mixin
[048月2026 10:40:02.441] [main/DEBUG] [cpw.mods.modlauncher.TransformationServiceDecorator/MODLAUNCHER]: Loading service fml
[048月2026 10:40:02.441] [main/DEBUG] [net.minecraftforge.fml.loading.LauncherVersion/CORE]: Found FMLLauncher version 1.0
[048月2026 10:40:02.441] [main/DEBUG] [net.minecraftforge.fml.loading.FMLLoader/CORE]: FML 1.0 loading
[048月2026 10:40:02.441] [main/DEBUG] [net.minecraftforge.fml.loading.FMLLoader/CORE]: FML found ModLauncher version : 10.0.9+10.0.9+main.dcd20f30
[048月2026 10:40:02.441] [main/DEBUG] [net.minecraftforge.fml.loading.FMLLoader/CORE]: Requesting CoreMods to not apply the fix for ASMAPI.findFirstInstructionBefore by default
[048月2026 10:40:02.441] [main/DEBUG] [net.minecraftforge.fml.loading.FMLLoader/CORE]: FML found AccessTransformer version : 8.0.4+66+master.c09db6d7
[048月2026 10:40:02.441] [main/DEBUG] [net.minecraftforge.fml.loading.FMLLoader/CORE]: FML found EventBus version : 6.2.33
[048月2026 10:40:02.443] [main/DEBUG] [net.minecraftforge.fml.loading.FMLLoader/CORE]: Found Runtime Dist Cleaner
[048月2026 10:40:02.444] [main/DEBUG] [net.minecraftforge.coremod.CoreModEngine/]: CoreMods will preserve legacy behavior of ASMAPI.findFirstInstructionBefore for backwards-compatibility
[048月2026 10:40:02.444] [main/DEBUG] [net.minecraftforge.fml.loading.FMLLoader/CORE]: FML found CoreMod version : 5.2.4
[048月2026 10:40:02.445] [main/DEBUG] [net.minecraftforge.fml.loading.FMLLoader/CORE]: Found ForgeSPI package implementation version 7.0.1+7.0.1+master.d2b38bf6
[048月2026 10:40:02.445] [main/DEBUG] [net.minecraftforge.fml.loading.FMLLoader/CORE]: Found ForgeSPI package specification 5
[048月2026 10:40:02.445] [main/DEBUG] [cpw.mods.modlauncher.TransformationServiceDecorator/MODLAUNCHER]: Loaded service fml
[048月2026 10:40:02.445] [main/DEBUG] [cpw.mods.modlauncher.TransformationServiceDecorator/MODLAUNCHER]: Loading service I18nUpdateMod
[048月2026 10:40:02.445] [main/DEBUG] [cpw.mods.modlauncher.TransformationServiceDecorator/MODLAUNCHER]: Loaded service I18nUpdateMod
[048月2026 10:40:02.445] [main/DEBUG] [cpw.mods.modlauncher.TransformationServicesHandler/MODLAUNCHER]: Configuring option handling for services
[048月2026 10:40:02.448] [main/DEBUG] [cpw.mods.modlauncher.TransformationServicesHandler/MODLAUNCHER]: Transformation services initializing
[048月2026 10:40:02.449] [main/DEBUG] [cpw.mods.modlauncher.TransformationServiceDecorator/MODLAUNCHER]: Initializing transformation service mixin
[048月2026 10:40:02.459] [main/DEBUG] [mixin/]: MixinService [ModLauncher] was successfully booted in cpw.mods.cl.ModuleClassLoader@20f5239f
[048月2026 10:40:02.472] [main/INFO] [mixin/]: SpongePowered MIXIN Subsystem Version=0.8.5 Source=union:/D:/game/mc/.minecraft/libraries/org/spongepowered/mixin/0.8.5/mixin-0.8.5.jar%23150!/ Service=ModLauncher Env=CLIENT
[048月2026 10:40:02.475] [main/DEBUG] [mixin/]: Initialising Mixin Platform Manager
[048月2026 10:40:02.475] [main/DEBUG] [mixin/]: Adding mixin platform agents for container ModLauncher Root Container(ModLauncher:4f56a0a2)
[048月2026 10:40:02.476] [main/DEBUG] [mixin/]: Instancing new MixinPlatformAgentMinecraftForge for ModLauncher Root Container(ModLauncher:4f56a0a2)
[048月2026 10:40:02.476] [main/DEBUG] [mixin/]: MixinPlatformAgentMinecraftForge rejected container ModLauncher Root Container(ModLauncher:4f56a0a2)
[048月2026 10:40:02.476] [main/DEBUG] [mixin/]: Instancing new MixinPlatformAgentDefault for ModLauncher Root Container(ModLauncher:4f56a0a2)
[048月2026 10:40:02.476] [main/DEBUG] [mixin/]: MixinPlatformAgentDefault accepted container ModLauncher Root Container(ModLauncher:4f56a0a2)
[048月2026 10:40:02.478] [main/DEBUG] [cpw.mods.modlauncher.TransformationServiceDecorator/MODLAUNCHER]: Initialized transformation service mixin
[048月2026 10:40:02.478] [main/DEBUG] [cpw.mods.modlauncher.TransformationServiceDecorator/MODLAUNCHER]: Initializing transformation service fml
[048月2026 10:40:02.478] [main/DEBUG] [net.minecraftforge.fml.loading.FMLServiceProvider/CORE]: Setting up basic FML game directories
[048月2026 10:40:02.478] [main/DEBUG] [net.minecraftforge.fml.loading.FMLPaths/CORE]: Path GAMEDIR is D:\game\mc\.minecraft\versions\测试MOD
[048月2026 10:40:02.478] [main/DEBUG] [net.minecraftforge.fml.loading.FMLPaths/CORE]: Path MODSDIR is D:\game\mc\.minecraft\versions\测试MOD\mods
[048月2026 10:40:02.479] [main/DEBUG] [net.minecraftforge.fml.loading.FMLPaths/CORE]: Path CONFIGDIR is D:\game\mc\.minecraft\versions\测试MOD\config
[048月2026 10:40:02.479] [main/DEBUG] [net.minecraftforge.fml.loading.FMLPaths/CORE]: Path FMLCONFIG is D:\game\mc\.minecraft\versions\测试MOD\config\fml.toml
[048月2026 10:40:02.479] [main/DEBUG] [net.minecraftforge.fml.loading.FMLServiceProvider/CORE]: Loading configuration
[048月2026 10:40:02.481] [main/DEBUG] [net.minecraftforge.fml.loading.FMLServiceProvider/CORE]: Preparing ModFile
[048月2026 10:40:02.483] [main/DEBUG] [net.minecraftforge.fml.loading.FMLServiceProvider/CORE]: Preparing launch handler
[048月2026 10:40:02.483] [main/DEBUG] [net.minecraftforge.fml.loading.FMLLoader/CORE]: Using forgeclient as launch service
[048月2026 10:40:02.490] [pool-2-thread-1/INFO] [EARLYDISPLAY/]: GL info: NVIDIA GeForce RTX 5060 Laptop GPU/PCIe/SSE2 GL version 4.6.0 NVIDIA 591.74, NVIDIA Corporation
[048月2026 10:40:02.490] [main/DEBUG] [net.minecraftforge.fml.loading.FMLLoader/CORE]: Received command line version data  : VersionInfo[forgeVersion=47.4.20, mcVersion=1.20.1, mcpVersion=20230612.114412, forgeGroup=net.minecraftforge]
[048月2026 10:40:02.491] [main/DEBUG] [cpw.mods.modlauncher.TransformationServiceDecorator/MODLAUNCHER]: Initialized transformation service fml
[048月2026 10:40:02.491] [main/DEBUG] [cpw.mods.modlauncher.TransformationServiceDecorator/MODLAUNCHER]: Initializing transformation service I18nUpdateMod
[048月2026 10:40:03.626] [main/DEBUG] [cpw.mods.modlauncher.TransformationServiceDecorator/MODLAUNCHER]: Initialized transformation service I18nUpdateMod
[048月2026 10:40:03.627] [main/DEBUG] [cpw.mods.modlauncher.NameMappingServiceHandler/MODLAUNCHER]: Current naming domain is 'srg'
[048月2026 10:40:03.627] [main/DEBUG] [cpw.mods.modlauncher.NameMappingServiceHandler/MODLAUNCHER]: Identified name mapping providers {}
[048月2026 10:40:03.627] [main/DEBUG] [cpw.mods.modlauncher.TransformationServicesHandler/MODLAUNCHER]: Transformation services begin scanning
[048月2026 10:40:03.628] [main/DEBUG] [cpw.mods.modlauncher.TransformationServiceDecorator/MODLAUNCHER]: Beginning scan trigger - transformation service mixin
[048月2026 10:40:03.628] [main/DEBUG] [cpw.mods.modlauncher.TransformationServiceDecorator/MODLAUNCHER]: End scan trigger - transformation service mixin
[048月2026 10:40:03.628] [main/DEBUG] [cpw.mods.modlauncher.TransformationServiceDecorator/MODLAUNCHER]: Beginning scan trigger - transformation service fml
[048月2026 10:40:03.628] [main/DEBUG] [net.minecraftforge.fml.loading.FMLServiceProvider/CORE]: Initiating mod scan
[048月2026 10:40:03.634] [main/DEBUG] [net.minecraftforge.fml.loading.moddiscovery.ModListHandler/CORE]: Found mod coordinates from lists: []
[048月2026 10:40:03.636] [main/DEBUG] [net.minecraftforge.fml.loading.moddiscovery.ModDiscoverer/CORE]: Found Mod Locators : (mods folder:null),(maven libs:null),(exploded directory:null),(minecraft:null),(userdev classpath:null)
[048月2026 10:40:03.636] [main/DEBUG] [net.minecraftforge.fml.loading.moddiscovery.ModDiscoverer/CORE]: Found Dependency Locators : (JarInJar:null)
[048月2026 10:40:03.643] [main/DEBUG] [net.minecraftforge.fml.loading.moddiscovery.ModFileParser/LOADING]: Considering mod file candidate D:\game\mc\.minecraft\versions\测试MOD\mods\[Asteor的状态栏和血量显示] asteorbar-forge-1.20.1-1.5.3.jar
[048月2026 10:40:03.671] [main/DEBUG] [net.minecraftforge.fml.loading.moddiscovery.ModFileInfo/LOADING]: Found valid mod file [Asteor的状态栏和血量显示] asteorbar-forge-1.20.1-1.5.3.jar with {asteorbar} mods - versions {1.5.3}
[048月2026 10:40:03.672] [main/DEBUG] [net.minecraftforge.fml.loading.moddiscovery.ModFileParser/LOADING]: Considering mod file candidate D:\game\mc\.minecraft\versions\测试MOD\mods\[FTB任务冻结修复] ftbquestsfreezefix-forge-1.0.0-1.20.1.jar
[048月2026 10:40:03.673] [main/DEBUG] [net.minecraftforge.fml.loading.moddiscovery.ModFileInfo/LOADING]: Found valid mod file [FTB任务冻结修复] ftbquestsfreezefix-forge-1.0.0-1.20.1.jar with {ftbquestsfreezefix} mods - versions {1.0.0}
[048月2026 10:40:03.674] [main/DEBUG] [net.minecraftforge.fml.loading.moddiscovery.ModFileParser/LOADING]: Considering mod file candidate D:\game\mc\.minecraft\versions\测试MOD\mods\[GD656击杀图标] gd656killicon-1.1.2-1.20.1-forge.jar
[048月2026 10:40:03.675] [main/DEBUG] [net.minecraftforge.fml.loading.moddiscovery.ModFileInfo/LOADING]: Found valid mod file [GD656击杀图标] gd656killicon-1.1.2-1.20.1-forge.jar with {gd656killicon} mods - versions {1.1.2-1.20.1-forge}
[048月2026 10:40:03.676] [main/DEBUG] [net.minecraftforge.fml.loading.moddiscovery.ModFileParser/LOADING]: Considering mod file candidate D:\game\mc\.minecraft\versions\测试MOD\mods\[TaCZ：绿葡萄战术装备] lrtactical-1.20.1-0.4.1.jar
[048月2026 10:40:03.677] [main/DEBUG] [net.minecraftforge.fml.loading.moddiscovery.ModFileInfo/LOADING]: Found valid mod file [TaCZ：绿葡萄战术装备] lrtactical-1.20.1-0.4.1.jar with {lrtactical} mods - versions {0.4.1}
[048月2026 10:40:03.678] [main/DEBUG] [net.minecraftforge.fml.loading.moddiscovery.ModFileParser/LOADING]: Considering mod file candidate D:\game\mc\.minecraft\versions\测试MOD\mods\[Xaero的世界地图] xaeroworldmap-forge-1.20.1-1.44.2.jar
[048月2026 10:40:03.679] [main/DEBUG] [net.minecraftforge.fml.loading.moddiscovery.ModFileInfo/LOADING]: Found valid mod file [Xaero的世界地图] xaeroworldmap-forge-1.20.1-1.44.2.jar with {xaeroworldmap} mods - versions {1.44.2}
[048月2026 10:40:03.682] [main/DEBUG] [net.minecraftforge.fml.loading.moddiscovery.ModFileParser/LOADING]: Considering mod file candidate D:\game\mc\.minecraft\versions\测试MOD\mods\[Xaero的小地图] xaerominimap-forge-1.20.1-26.4.2.jar
[048月2026 10:40:03.684] [main/DEBUG] [net.minecraftforge.fml.loading.moddiscovery.ModFileInfo/LOADING]: Found valid mod file [Xaero的小地图] xaerominimap-forge-1.20.1-26.4.2.jar with {xaerominimap} mods - versions {26.4.2}
[048月2026 10:40:03.685] [main/DEBUG] [net.minecraftforge.fml.loading.moddiscovery.ModFileParser/LOADING]: Considering mod file candidate D:\game\mc\.minecraft\versions\测试MOD\mods\[不死图腾插槽／不死图腾槽位] charmofundying-forge-6.5.0+1.20.1.jar
[048月2026 10:40:03.686] [main/DEBUG] [net.minecraftforge.fml.loading.moddiscovery.ModFileInfo/LOADING]: Found valid mod file [不死图腾插槽／不死图腾槽位] charmofundying-forge-6.5.0+1.20.1.jar with {charmofundying} mods - versions {6.5.0+1.20.1}
[048月2026 10:40:03.687] [main/DEBUG] [net.minecraftforge.fml.loading.moddiscovery.ModFileParser/LOADING]: Considering mod file candidate D:\game\mc\.minecraft\versions\测试MOD\mods\[免税附魔] TaxFreeLevels-1.4.23-forge-1.20.1.jar
[048月2026 10:40:03.688] [main/DEBUG] [net.minecraftforge.fml.loading.moddiscovery.ModFileInfo/LOADING]: Found valid mod file [免税附魔] TaxFreeLevels-1.4.23-forge-1.20.1.jar with {taxfreelevels} mods - versions {1.4.23}
[048月2026 10:40:03.689] [main/DEBUG] [net.minecraftforge.fml.loading.moddiscovery.ModFileParser/LOADING]: Considering mod file candidate D:\game\mc\.minecraft\versions\测试MOD\mods\[全键无冲] NonConflictKeys-Forge-1.19.X-1.20-1.0.0.jar
[048月2026 10:40:03.690] [main/DEBUG] [net.minecraftforge.fml.loading.moddiscovery.ModFileInfo/LOADING]: Found valid mod file [全键无冲] NonConflictKeys-Forge-1.19.X-1.20-1.0.0.jar with {nckey} mods - versions {1.0.0}
[048月2026 10:40:03.693] [main/DEBUG] [net.minecraftforge.fml.loading.moddiscovery.ModFileParser/LOADING]: Considering mod file candidate D:\game\mc\.minecraft\versions\测试MOD\mods\[内存泄漏修复] memoryleakfix-forge-1.17+-1.1.5.jar
[048月2026 10:40:03.693] [main/DEBUG] [net.minecraftforge.fml.loading.moddiscovery.ModFileInfo/LOADING]: Found valid mod file [内存泄漏修复] memoryleakfix-forge-1.17+-1.1.5.jar with {memoryleakfix} mods - versions {1.1.5}
[048月2026 10:40:03.694] [main/DEBUG] [net.minecraftforge.fml.loading.moddiscovery.ModFileParser/LOADING]: Considering mod file candidate D:\game\mc\.minecraft\versions\测试MOD\mods\[冰山] Iceberg-1.20.1-forge-1.1.25.jar
[048月2026 10:40:03.694] [main/DEBUG] [net.minecraftforge.fml.loading.moddiscovery.ModFileInfo/LOADING]: Found valid mod file [冰山] Iceberg-1.20.1-forge-1.1.25.jar with {iceberg} mods - versions {1.1.25}
[048月2026 10:40:03.696] [main/DEBUG] [net.minecraftforge.fml.loading.moddiscovery.ModFileParser/LOADING]: Considering mod file candidate D:\game\mc\.minecraft\versions\测试MOD\mods\[加速渲染] acceleratedrendering-1.0.14-1.20.1-alpha.jar
[048月2026 10:40:03.697] [main/DEBUG] [net.minecraftforge.fml.loading.moddiscovery.ModFileInfo/LOADING]: Found valid mod file [加速渲染] acceleratedrendering-1.0.14-1.20.1-alpha.jar with {acceleratedrendering} mods - versions {1.0.14-1.20.1-alpha}
[048月2026 10:40:03.698] [main/DEBUG] [net.minecraftforge.fml.loading.moddiscovery.ModFileParser/LOADING]: Considering mod file candidate D:\game\mc\.minecraft\versions\测试MOD\mods\[加速火把] Torcherino-forge-1.20.1-20.0.0.jar
[048月2026 10:40:03.699] [main/DEBUG] [net.minecraftforge.fml.loading.moddiscovery.ModFileInfo/LOADING]: Found valid mod file [加速火把] Torcherino-forge-1.20.1-20.0.0.jar with {torcherino} mods - versions {20.0.0}
[048月2026 10:40:03.700] [main/DEBUG] [net.minecraftforge.fml.loading.moddiscovery.ModFileParser/LOADING]: Considering mod file candidate D:\game\mc\.minecraft\versions\测试MOD\mods\[垃圾槽] trashslot-forge-1.20.1-15.1.5.jar
[048月2026 10:40:03.700] [main/DEBUG] [net.minecraftforge.fml.loading.moddiscovery.ModFileInfo/LOADING]: Found valid mod file [垃圾槽] trashslot-forge-1.20.1-15.1.5.jar with {trashslot} mods - versions {15.1.5}
[048月2026 10:40:03.702] [main/DEBUG] [net.minecraftforge.fml.loading.moddiscovery.ModFileParser/LOADING]: Considering mod file candidate D:\game\mc\.minecraft\versions\测试MOD\mods\[实体渲染机制优化] entityculling-forge-1.10.5-mc1.20.1.jar
[048月2026 10:40:03.703] [main/DEBUG] [net.minecraftforge.fml.loading.moddiscovery.ModFileInfo/LOADING]: Found valid mod file [实体渲染机制优化] entityculling-forge-1.10.5-mc1.20.1.jar with {entityculling} mods - versions {1.10.5}
[048月2026 10:40:03.706] [main/DEBUG] [net.minecraftforge.fml.loading.moddiscovery.ModFileParser/LOADING]: Considering mod file candidate D:\game\mc\.minecraft\versions\测试MOD\mods\[属性修复] AttributeFix-Forge-1.20.1-21.0.5.jar
[048月2026 10:40:03.706] [main/DEBUG] [net.minecraftforge.fml.loading.moddiscovery.ModFileInfo/LOADING]: Found valid mod file [属性修复] AttributeFix-Forge-1.20.1-21.0.5.jar with {attributefix} mods - versions {21.0.5}
[048月2026 10:40:03.707] [main/DEBUG] [net.minecraftforge.fml.loading.moddiscovery.ModFileParser/LOADING]: Considering mod file candidate D:\game\mc\.minecraft\versions\测试MOD\mods\[帕秋莉手册] Patchouli-1.20.1-85-FORGE.jar
[048月2026 10:40:03.708] [main/DEBUG] [net.minecraftforge.fml.loading.moddiscovery.ModFileInfo/LOADING]: Found valid mod file [帕秋莉手册] Patchouli-1.20.1-85-FORGE.jar with {patchouli} mods - versions {1.20.1-85-FORGE}
[048月2026 10:40:03.709] [main/DEBUG] [net.minecraftforge.fml.loading.moddiscovery.ModFileParser/LOADING]: Considering mod file candidate D:\game\mc\.minecraft\versions\测试MOD\mods\[探险者指南针] ExplorersCompass-1.20.1-1.4.0-forge.jar
[048月2026 10:40:03.709] [main/DEBUG] [net.minecraftforge.fml.loading.moddiscovery.ModFileInfo/LOADING]: Found valid mod file [探险者指南针] ExplorersCompass-1.20.1-1.4.0-forge.jar with {explorerscompass} mods - versions {1.20.1-1.4.0-forge}
[048月2026 10:40:03.710] [main/DEBUG] [net.minecraftforge.fml.loading.moddiscovery.ModFileParser/LOADING]: Considering mod file candidate D:\game\mc\.minecraft\versions\测试MOD\mods\[更多动画] notenoughanimations-forge-1.12.4-mc1.20.1.jar
[048月2026 10:40:03.711] [main/DEBUG] [net.minecraftforge.fml.loading.moddiscovery.ModFileInfo/LOADING]: Found valid mod file [更多动画] notenoughanimations-forge-1.12.4-mc1.20.1.jar with {notenoughanimations} mods - versions {1.12.4}
[048月2026 10:40:03.713] [main/DEBUG] [net.minecraftforge.fml.loading.moddiscovery.ModFileParser/LOADING]: Considering mod file candidate D:\game\mc\.minecraft\versions\测试MOD\mods\[更好的动物动作] BetterAnimationsCollection-v8.0.1-1.20.1-Forge.jar
[048月2026 10:40:03.713] [main/DEBUG] [net.minecraftforge.fml.loading.moddiscovery.ModFileInfo/LOADING]: Found valid mod file [更好的动物动作] BetterAnimationsCollection-v8.0.1-1.20.1-Forge.jar with {betteranimationscollection} mods - versions {8.0.1}
[048月2026 10:40:03.715] [main/DEBUG] [net.minecraftforge.fml.loading.moddiscovery.ModFileParser/LOADING]: Considering mod file candidate D:\game\mc\.minecraft\versions\测试MOD\mods\[更好的树叶渲染优化重铸版] CullLessLeaves-Reforged-1.20.1-1.0.5.jar
[048月2026 10:40:03.715] [main/DEBUG] [net.minecraftforge.fml.loading.moddiscovery.ModFileInfo/LOADING]: Found valid mod file [更好的树叶渲染优化重铸版] CullLessLeaves-Reforged-1.20.1-1.0.5.jar with {culllessleaves} mods - versions {1.20.1-1.0.5}
[048月2026 10:40:03.716] [main/DEBUG] [net.minecraftforge.fml.loading.moddiscovery.ModFileParser/LOADING]: Considering mod file candidate D:\game\mc\.minecraft\versions\测试MOD\mods\[极简血量显示] Neat-1.20.1-41-FORGE.jar
[048月2026 10:40:03.717] [main/DEBUG] [net.minecraftforge.fml.loading.moddiscovery.ModFileInfo/LOADING]: Found valid mod file [极简血量显示] Neat-1.20.1-41-FORGE.jar with {neat} mods - versions {1.20.1-41-FORGE}
[048月2026 10:40:03.719] [main/DEBUG] [net.minecraftforge.fml.loading.moddiscovery.ModFileParser/LOADING]: Considering mod file candidate D:\game\mc\.minecraft\versions\测试MOD\mods\[模组目录] catalogue-forge-1.20.1-1.8.0.jar
[048月2026 10:40:03.720] [main/DEBUG] [net.minecraftforge.fml.loading.moddiscovery.ModFileInfo/LOADING]: Found valid mod file [模组目录] catalogue-forge-1.20.1-1.8.0.jar with {catalogue} mods - versions {1.8.0}
[048月2026 10:40:03.722] [main/DEBUG] [net.minecraftforge.fml.loading.moddiscovery.ModFileParser/LOADING]: Considering mod file candidate D:\game\mc\.minecraft\versions\测试MOD\mods\[永恒枪械工坊：零] tacz-1.20.1-1.1.8-hotfix.jar
[048月2026 10:40:03.723] [main/DEBUG] [net.minecraftforge.fml.loading.moddiscovery.ModFileInfo/LOADING]: Found valid mod file [永恒枪械工坊：零] tacz-1.20.1-1.1.8-hotfix.jar with {tacz} mods - versions {1.1.8-hotfix}
[048月2026 10:40:03.724] [main/DEBUG] [net.minecraftforge.fml.loading.moddiscovery.ModFileParser/LOADING]: Considering mod file candidate D:\game\mc\.minecraft\versions\测试MOD\mods\[灵动提示框] colortooltips-1201.3.1.jar
[048月2026 10:40:03.724] [main/DEBUG] [net.minecraftforge.fml.loading.moddiscovery.ModFileInfo/LOADING]: Found valid mod file [灵动提示框] colortooltips-1201.3.1.jar with {colortooltips} mods - versions {1201.3.1}
[048月2026 10:40:03.726] [main/DEBUG] [net.minecraftforge.fml.loading.moddiscovery.ModFileParser/LOADING]: Considering mod file candidate D:\game\mc\.minecraft\versions\测试MOD\mods\[物品栏HUD+] inventoryhud.forge.1.20.1-3.4.26.jar
[048月2026 10:40:03.727] [main/DEBUG] [net.minecraftforge.fml.loading.moddiscovery.ModFileInfo/LOADING]: Found valid mod file [物品栏HUD+] inventoryhud.forge.1.20.1-3.4.26.jar with {inventoryhud} mods - versions {3.4.26}
[048月2026 10:40:03.728] [main/DEBUG] [net.minecraftforge.fml.loading.moddiscovery.ModFileParser/LOADING]: Considering mod file candidate D:\game\mc\.minecraft\versions\测试MOD\mods\[物品过滤器] item-filters-forge-2001.1.0-build.59.jar
[048月2026 10:40:03.728] [main/DEBUG] [net.minecraftforge.fml.loading.moddiscovery.ModFileInfo/LOADING]: Found valid mod file [物品过滤器] item-filters-forge-2001.1.0-build.59.jar with {itemfilters} mods - versions {2001.1.0-build.59}
[048月2026 10:40:03.730] [main/DEBUG] [net.minecraftforge.fml.loading.moddiscovery.ModFileParser/LOADING]: Considering mod file candidate D:\game\mc\.minecraft\versions\测试MOD\mods\[物品高亮] Highlighter-1.20.1-forge-1.1.9.jar
[048月2026 10:40:03.730] [main/DEBUG] [net.minecraftforge.fml.loading.moddiscovery.ModFileInfo/LOADING]: Found valid mod file [物品高亮] Highlighter-1.20.1-forge-1.1.9.jar with {highlighter} mods - versions {1.1.9}
[048月2026 10:40:03.731] [main/DEBUG] [net.minecraftforge.fml.loading.moddiscovery.ModFileParser/LOADING]: Considering mod file candidate D:\game\mc\.minecraft\versions\测试MOD\mods\[物理声效重制版] sound-physics-remastered-forge-1.20.1-1.5.1.jar
[048月2026 10:40:03.732] [main/DEBUG] [net.minecraftforge.fml.loading.moddiscovery.ModFileInfo/LOADING]: Found valid mod file [物理声效重制版] sound-physics-remastered-forge-1.20.1-1.5.1.jar with {sound_physics_remastered} mods - versions {1.20.1-1.5.1}
[048月2026 10:40:03.733] [main/DEBUG] [net.minecraftforge.fml.loading.moddiscovery.ModFileParser/LOADING]: Considering mod file candidate D:\game\mc\.minecraft\versions\测试MOD\mods\[玉 ?] Jade-1.20.1-Forge-11.13.2.jar
[048月2026 10:40:03.735] [main/DEBUG] [net.minecraftforge.fml.loading.moddiscovery.ModFileInfo/LOADING]: Found valid mod file [玉 ?] Jade-1.20.1-Forge-11.13.2.jar with {jade} mods - versions {11.13.2+forge}
[048月2026 10:40:03.736] [main/DEBUG] [net.minecraftforge.fml.loading.moddiscovery.ModFileParser/LOADING]: Considering mod file candidate D:\game\mc\.minecraft\versions\测试MOD\mods\[现代化修复] modernfix-forge-5.27.66+mc1.20.1.jar
[048月2026 10:40:03.737] [main/DEBUG] [net.minecraftforge.fml.loading.moddiscovery.ModFileInfo/LOADING]: Found valid mod file [现代化修复] modernfix-forge-5.27.66+mc1.20.1.jar with {modernfix} mods - versions {5.27.66+mc1.20.1}
[048月2026 10:40:03.739] [main/DEBUG] [net.minecraftforge.fml.loading.moddiscovery.ModFileParser/LOADING]: Considering mod file candidate D:\game\mc\.minecraft\versions\测试MOD\mods\[神化] Apotheosis-1.20.1-7.4.8.jar
[048月2026 10:40:03.739] [main/DEBUG] [net.minecraftforge.fml.loading.moddiscovery.ModFileInfo/LOADING]: Found valid mod file [神化] Apotheosis-1.20.1-7.4.8.jar with {apotheosis} mods - versions {7.4.8}
[048月2026 10:40:03.741] [main/DEBUG] [net.minecraftforge.fml.loading.moddiscovery.ModFileParser/LOADING]: Considering mod file candidate D:\game\mc\.minecraft\versions\测试MOD\mods\[神化：现代诸神黄昏] apotheosis_modern_ragnarok-forge-1.20.1-tacz1.1.8-7.0.0.jar
[048月2026 10:40:03.741] [main/DEBUG] [net.minecraftforge.fml.loading.moddiscovery.ModFileInfo/LOADING]: Found valid mod file [神化：现代诸神黄昏] apotheosis_modern_ragnarok-forge-1.20.1-tacz1.1.8-7.0.0.jar with {apotheosis_modern_ragnarok} mods - versions {7.0.0}
[048月2026 10:40:03.743] [main/DEBUG] [net.minecraftforge.fml.loading.moddiscovery.ModFileParser/LOADING]: Considering mod file candidate D:\game\mc\.minecraft\versions\测试MOD\mods\[稀有度核心] raritycore-1201.14.0.jar
[048月2026 10:40:03.743] [main/DEBUG] [net.minecraftforge.fml.loading.moddiscovery.ModFileInfo/LOADING]: Found valid mod file [稀有度核心] raritycore-1201.14.0.jar with {raritycore} mods - versions {1201.14.0}
[048月2026 10:40:03.744] [main/DEBUG] [net.minecraftforge.fml.loading.moddiscovery.ModFileParser/LOADING]: Considering mod file candidate D:\game\mc\.minecraft\versions\测试MOD\mods\[等价交换团队] teamprojecte-1.20.1-1.1.4.jar
[048月2026 10:40:03.745] [main/DEBUG] [net.minecraftforge.fml.loading.moddiscovery.ModFileInfo/LOADING]: Found valid mod file [等价交换团队] teamprojecte-1.20.1-1.1.4.jar with {teamprojecte} mods - versions {1.1.4}
[048月2026 10:40:03.747] [main/DEBUG] [net.minecraftforge.fml.loading.moddiscovery.ModFileParser/LOADING]: Considering mod file candidate D:\game\mc\.minecraft\versions\测试MOD\mods\[等价交换扩展] ProjectExtended-1.20.1-1.5.0.jar
[048月2026 10:40:03.747] [main/DEBUG] [net.minecraftforge.fml.loading.moddiscovery.ModFileInfo/LOADING]: Found valid mod file [等价交换扩展] ProjectExtended-1.20.1-1.5.0.jar with {projectextended} mods - versions {1.5.0}
[048月2026 10:40:03.749] [main/DEBUG] [net.minecraftforge.fml.loading.moddiscovery.ModFileParser/LOADING]: Considering mod file candidate D:\game\mc\.minecraft\versions\测试MOD\mods\[等价交换重制版] ProjectE-1.20.1-PE1.0.1.jar
[048月2026 10:40:03.749] [main/DEBUG] [net.minecraftforge.fml.loading.moddiscovery.ModFileInfo/LOADING]: Found valid mod file [等价交换重制版] ProjectE-1.20.1-PE1.0.1.jar with {projecte} mods - versions {1.0.1}
[048月2026 10:40:03.751] [main/DEBUG] [net.minecraftforge.fml.loading.moddiscovery.ModFileParser/LOADING]: Considering mod file candidate D:\game\mc\.minecraft\versions\测试MOD\mods\[等价兼容] ProjectE_Integration-1.20.1-7.2.5.jar
[048月2026 10:40:03.751] [main/DEBUG] [net.minecraftforge.fml.loading.moddiscovery.ModFileInfo/LOADING]: Found valid mod file [等价兼容] ProjectE_Integration-1.20.1-7.2.5.jar with {projecteintegration} mods - versions {7.2.5}
[048月2026 10:40:03.752] [main/DEBUG] [net.minecraftforge.fml.loading.moddiscovery.ModFileParser/LOADING]: Considering mod file candidate D:\game\mc\.minecraft\versions\测试MOD\mods\[等价饰品] emcbaubles-1.3.1.jar
[048月2026 10:40:03.753] [main/DEBUG] [net.minecraftforge.fml.loading.moddiscovery.ModFileInfo/LOADING]: Found valid mod file [等价饰品] emcbaubles-1.3.1.jar with {emcbaubles} mods - versions {1.3}
[048月2026 10:40:03.754] [main/DEBUG] [net.minecraftforge.fml.loading.moddiscovery.ModFileParser/LOADING]: Considering mod file candidate D:\game\mc\.minecraft\versions\测试MOD\mods\[经验机制改革] Clumps-forge-1.20.1-12.0.0.4.jar
[048月2026 10:40:03.754] [main/DEBUG] [net.minecraftforge.fml.loading.moddiscovery.ModFileInfo/LOADING]: Found valid mod file [经验机制改革] Clumps-forge-1.20.1-12.0.0.4.jar with {clumps} mods - versions {12.0.0.4}
[048月2026 10:40:03.756] [main/DEBUG] [net.minecraftforge.fml.loading.moddiscovery.ModFileParser/LOADING]: Considering mod file candidate D:\game\mc\.minecraft\versions\测试MOD\mods\[自然罗盘／生物群系指南针] NaturesCompass-1.20.1-1.12.0-forge.jar
[048月2026 10:40:03.756] [main/DEBUG] [net.minecraftforge.fml.loading.moddiscovery.ModFileInfo/LOADING]: Found valid mod file [自然罗盘／生物群系指南针] NaturesCompass-1.20.1-1.12.0-forge.jar with {naturescompass} mods - versions {1.20.1-1.12.0-forge}
[048月2026 10:40:03.757] [main/DEBUG] [net.minecraftforge.fml.loading.moddiscovery.ModFileParser/LOADING]: Considering mod file candidate D:\game\mc\.minecraft\versions\测试MOD\mods\[苹果皮] appleskin-forge-mc1.20.1-2.5.1.jar
[048月2026 10:40:03.757] [main/DEBUG] [net.minecraftforge.fml.loading.moddiscovery.ModFileInfo/LOADING]: Found valid mod file [苹果皮] appleskin-forge-mc1.20.1-2.5.1.jar with {appleskin} mods - versions {2.5.1+mc1.20.1}
[048月2026 10:40:03.759] [main/DEBUG] [net.minecraftforge.fml.loading.moddiscovery.ModFileParser/LOADING]: Considering mod file candidate D:\game\mc\.minecraft\versions\测试MOD\mods\[试验假人] dummmmmmy-1.20-2.0.12-forge.jar
[048月2026 10:40:03.759] [main/DEBUG] [net.minecraftforge.fml.loading.moddiscovery.ModFileInfo/LOADING]: Found valid mod file [试验假人] dummmmmmy-1.20-2.0.12-forge.jar with {dummmmmmy} mods - versions {1.20-2.0.11}
[048月2026 10:40:03.761] [main/DEBUG] [net.minecraftforge.fml.loading.moddiscovery.ModFileParser/LOADING]: Considering mod file candidate D:\game\mc\.minecraft\versions\测试MOD\mods\[输入法冲突修复] IMBlocker-5.5.4-forge+1.17-1.20.4.jar
[048月2026 10:40:03.761] [main/DEBUG] [net.minecraftforge.fml.loading.moddiscovery.ModFileInfo/LOADING]: Found valid mod file [输入法冲突修复] IMBlocker-5.5.4-forge+1.17-1.20.4.jar with {imblocker} mods - versions {5.5.4}
[048月2026 10:40:03.762] [main/DEBUG] [net.minecraftforge.fml.loading.moddiscovery.ModFileParser/LOADING]: Considering mod file candidate D:\game\mc\.minecraft\versions\测试MOD\mods\[通用拼音搜索] jecharacters-1.20.1-forge-4.6.7.jar
[048月2026 10:40:03.762] [main/DEBUG] [net.minecraftforge.fml.loading.moddiscovery.ModFileInfo/LOADING]: Found valid mod file [通用拼音搜索] jecharacters-1.20.1-forge-4.6.7.jar with {jecharacters} mods - versions {4.6.7}
[048月2026 10:40:03.771] [main/DEBUG] [net.minecraftforge.fml.loading.moddiscovery.ModFileParser/LOADING]: Considering mod file candidate D:\game\mc\.minecraft\versions\测试MOD\mods\[铁氧体磁芯] ferritecore-6.0.1-forge.jar
[048月2026 10:40:03.772] [main/DEBUG] [net.minecraftforge.fml.loading.moddiscovery.ModFileInfo/LOADING]: Found valid mod file [铁氧体磁芯] ferritecore-6.0.1-forge.jar with {ferritecore} mods - versions {6.0.1}
[048月2026 10:40:03.772] [main/DEBUG] [net.minecraftforge.fml.loading.moddiscovery.ModFileParser/LOADING]: Considering mod file candidate D:\game\mc\.minecraft\versions\测试MOD\mods\[键位冲突显示] Controlling-forge-1.20.1-12.0.2.jar
[048月2026 10:40:03.773] [main/DEBUG] [net.minecraftforge.fml.loading.moddiscovery.ModFileInfo/LOADING]: Found valid mod file [键位冲突显示] Controlling-forge-1.20.1-12.0.2.jar with {controlling} mods - versions {12.0.2}
[048月2026 10:40:03.774] [main/DEBUG] [net.minecraftforge.fml.loading.moddiscovery.ModFileParser/LOADING]: Considering mod file candidate D:\game\mc\.minecraft\versions\测试MOD\mods\[鼠标手势] MouseTweaks-forge-mc1.20.1-2.25.1.jar
[048月2026 10:40:03.774] [main/DEBUG] [net.minecraftforge.fml.loading.moddiscovery.ModFileInfo/LOADING]: Found valid mod file [鼠标手势] MouseTweaks-forge-mc1.20.1-2.25.1.jar with {mousetweaks} mods - versions {2.25.1}
[048月2026 10:40:03.776] [main/DEBUG] [net.minecraftforge.fml.loading.moddiscovery.ModFileParser/LOADING]: Considering mod file candidate D:\game\mc\.minecraft\versions\测试MOD\mods\ApothicAttributes-1.20.1-1.3.7.jar
[048月2026 10:40:03.776] [main/DEBUG] [net.minecraftforge.fml.loading.moddiscovery.ModFileInfo/LOADING]: Found valid mod file ApothicAttributes-1.20.1-1.3.7.jar with {attributeslib} mods - versions {1.3.7}
[048月2026 10:40:03.778] [main/DEBUG] [net.minecraftforge.fml.loading.moddiscovery.ModFileParser/LOADING]: Considering mod file candidate D:\game\mc\.minecraft\versions\测试MOD\mods\architectury-9.2.14-forge.jar
[048月2026 10:40:03.778] [main/DEBUG] [net.minecraftforge.fml.loading.moddiscovery.ModFileInfo/LOADING]: Found valid mod file architectury-9.2.14-forge.jar with {architectury} mods - versions {9.2.14}
[048月2026 10:40:03.786] [main/DEBUG] [net.minecraftforge.fml.loading.moddiscovery.ModFileParser/LOADING]: Considering mod file candidate D:\game\mc\.minecraft\versions\测试MOD\mods\balm-forge-1.20.1-7.3.42.jar
[048月2026 10:40:03.787] [main/DEBUG] [net.minecraftforge.fml.loading.moddiscovery.ModFileInfo/LOADING]: Found valid mod file balm-forge-1.20.1-7.3.42.jar with {balm} mods - versions {7.3.42}
[048月2026 10:40:03.789] [main/DEBUG] [net.minecraftforge.fml.loading.moddiscovery.ModFileParser/LOADING]: Considering mod file candidate D:\game\mc\.minecraft\versions\测试MOD\mods\citadel-2.6.3-1.20.1.jar
[048月2026 10:40:03.789] [main/DEBUG] [net.minecraftforge.fml.loading.moddiscovery.ModFileInfo/LOADING]: Found valid mod file citadel-2.6.3-1.20.1.jar with {citadel} mods - versions {2.6.3}
[048月2026 10:40:03.790] [main/DEBUG] [net.minecraftforge.fml.loading.moddiscovery.ModFileParser/LOADING]: Considering mod file candidate D:\game\mc\.minecraft\versions\测试MOD\mods\cloth-config-11.1.136-forge.jar
[048月2026 10:40:03.790] [main/DEBUG] [net.minecraftforge.fml.loading.moddiscovery.ModFileInfo/LOADING]: Found valid mod file cloth-config-11.1.136-forge.jar with {cloth_config} mods - versions {11.1.136}
[048月2026 10:40:03.792] [main/DEBUG] [net.minecraftforge.fml.loading.moddiscovery.ModFileParser/LOADING]: Considering mod file candidate D:\game\mc\.minecraft\versions\测试MOD\mods\curios-forge-5.14.1+1.20.1.jar
[048月2026 10:40:03.792] [main/DEBUG] [net.minecraftforge.fml.loading.moddiscovery.ModFileInfo/LOADING]: Found valid mod file curios-forge-5.14.1+1.20.1.jar with {curios} mods - versions {5.14.1+1.20.1}
[048月2026 10:40:03.794] [main/DEBUG] [net.minecraftforge.fml.loading.moddiscovery.ModFileParser/LOADING]: Considering mod file candidate D:\game\mc\.minecraft\versions\测试MOD\mods\embeddium-0.3.31+mc1.20.1.jar
[048月2026 10:40:03.794] [main/DEBUG] [net.minecraftforge.fml.loading.moddiscovery.ModFileInfo/LOADING]: Found valid mod file embeddium-0.3.31+mc1.20.1.jar with {embeddium,rubidium} mods - versions {0.3.31+mc1.20.1,0.7.1}
[048月2026 10:40:03.795] [main/DEBUG] [net.minecraftforge.fml.loading.moddiscovery.ModFileParser/LOADING]: Considering mod file candidate D:\game\mc\.minecraft\versions\测试MOD\mods\emi-1.1.24+1.20.1+forge.jar
[048月2026 10:40:03.796] [main/DEBUG] [net.minecraftforge.fml.loading.moddiscovery.ModFileInfo/LOADING]: Found valid mod file emi-1.1.24+1.20.1+forge.jar with {emi} mods - versions {1.1.24+1.20.1+forge}
[048月2026 10:40:03.797] [main/DEBUG] [net.minecraftforge.fml.loading.moddiscovery.ModFileParser/LOADING]: Considering mod file candidate D:\game\mc\.minecraft\versions\测试MOD\mods\ftb-library-forge-1902.4.2-build.700.jar
[048月2026 10:40:03.797] [main/DEBUG] [net.minecraftforge.fml.loading.moddiscovery.ModFileInfo/LOADING]: Found valid mod file ftb-library-forge-1902.4.2-build.700.jar with {ftblibrary} mods - versions {1902.4.2-build.700}
[048月2026 10:40:03.799] [main/DEBUG] [net.minecraftforge.fml.loading.moddiscovery.ModFileParser/LOADING]: Considering mod file candidate D:\game\mc\.minecraft\versions\测试MOD\mods\ftb-quests-forge-1902.5.10-build.497.jar
[048月2026 10:40:03.799] [main/DEBUG] [net.minecraftforge.fml.loading.moddiscovery.ModFileInfo/LOADING]: Found valid mod file ftb-quests-forge-1902.5.10-build.497.jar with {ftbquests} mods - versions {1902.5.10-build.497}
[048月2026 10:40:03.800] [main/DEBUG] [net.minecraftforge.fml.loading.moddiscovery.ModFileParser/LOADING]: Considering mod file candidate D:\game\mc\.minecraft\versions\测试MOD\mods\ftb-teams-forge-1902.2.14-build.165.jar
[048月2026 10:40:03.800] [main/DEBUG] [net.minecraftforge.fml.loading.moddiscovery.ModFileInfo/LOADING]: Found valid mod file ftb-teams-forge-1902.2.14-build.165.jar with {ftbteams} mods - versions {1902.2.14-build.165}
[048月2026 10:40:03.802] [main/DEBUG] [net.minecraftforge.fml.loading.moddiscovery.ModFileParser/LOADING]: Considering mod file candidate D:\game\mc\.minecraft\versions\测试MOD\mods\ftb-ultimine-forge-1902.4.2-build.136.jar
[048月2026 10:40:03.802] [main/DEBUG] [net.minecraftforge.fml.loading.moddiscovery.ModFileInfo/LOADING]: Found valid mod file ftb-ultimine-forge-1902.4.2-build.136.jar with {ftbultimine} mods - versions {1902.4.2-build.136}
[048月2026 10:40:03.804] [main/DEBUG] [net.minecraftforge.fml.loading.moddiscovery.ModFileParser/LOADING]: Considering mod file candidate D:\game\mc\.minecraft\versions\测试MOD\mods\geckolib-forge-1.20.1-4.8.4.jar
[048月2026 10:40:03.804] [main/DEBUG] [net.minecraftforge.fml.loading.moddiscovery.ModFileInfo/LOADING]: Found valid mod file geckolib-forge-1.20.1-4.8.4.jar with {geckolib} mods - versions {4.8.4}
[048月2026 10:40:03.805] [main/DEBUG] [net.minecraftforge.fml.loading.moddiscovery.ModFileParser/LOADING]: Considering mod file candidate D:\game\mc\.minecraft\versions\测试MOD\mods\holdmyitems-1.20.1v2.1.jar
[048月2026 10:40:03.806] [main/DEBUG] [net.minecraftforge.fml.loading.moddiscovery.ModFileInfo/LOADING]: Found valid mod file holdmyitems-1.20.1v2.1.jar with {holdmyitems} mods - versions {2.0}
[048月2026 10:40:03.807] [main/DEBUG] [net.minecraftforge.fml.loading.moddiscovery.ModFileParser/LOADING]: Considering mod file candidate D:\game\mc\.minecraft\versions\测试MOD\mods\MaFgLib-0.1.14-mc1.20.1.jar
[048月2026 10:40:03.807] [main/DEBUG] [net.minecraftforge.fml.loading.moddiscovery.ModFileInfo/LOADING]: Found valid mod file MaFgLib-0.1.14-mc1.20.1.jar with {mafglib} mods - versions {0.1.14-mc1.20.1}
[048月2026 10:40:03.809] [main/DEBUG] [net.minecraftforge.fml.loading.moddiscovery.ModFileParser/LOADING]: Considering mod file candidate D:\game\mc\.minecraft\versions\测试MOD\mods\MaxHealthFix-Forge-1.20.1-12.0.4.jar
[048月2026 10:40:03.810] [main/DEBUG] [net.minecraftforge.fml.loading.moddiscovery.ModFileInfo/LOADING]: Found valid mod file MaxHealthFix-Forge-1.20.1-12.0.4.jar with {maxhealthfix} mods - versions {12.0.4}
[048月2026 10:40:03.811] [main/DEBUG] [net.minecraftforge.fml.loading.moddiscovery.ModFileParser/LOADING]: Considering mod file candidate D:\game\mc\.minecraft\versions\测试MOD\mods\monsterwaves-0.1.0.jar
[048月2026 10:40:03.811] [main/DEBUG] [net.minecraftforge.fml.loading.moddiscovery.ModFileInfo/LOADING]: Found valid mod file monsterwaves-0.1.0.jar with {monsterwaves} mods - versions {0.1.0}
[048月2026 10:40:03.812] [main/DEBUG] [net.minecraftforge.fml.loading.moddiscovery.ModFileParser/LOADING]: Considering mod file candidate D:\game\mc\.minecraft\versions\测试MOD\mods\moonlight-1.20-2.16.34-forge.jar
[048月2026 10:40:03.813] [main/DEBUG] [net.minecraftforge.fml.loading.moddiscovery.ModFileInfo/LOADING]: Found valid mod file moonlight-1.20-2.16.34-forge.jar with {moonlight} mods - versions {1.20-2.16.34}
[048月2026 10:40:03.815] [main/DEBUG] [net.minecraftforge.fml.loading.moddiscovery.ModFileParser/LOADING]: Considering mod file candidate D:\game\mc\.minecraft\versions\测试MOD\mods\oculus-mc1.20.1-1.8.0.jar
[048月2026 10:40:03.815] [main/DEBUG] [net.minecraftforge.fml.loading.moddiscovery.ModFileInfo/LOADING]: Found valid mod file oculus-mc1.20.1-1.8.0.jar with {oculus} mods - versions {1.8.0}
[048月2026 10:40:03.816] [main/DEBUG] [net.minecraftforge.fml.loading.moddiscovery.ModFileParser/LOADING]: Considering mod file candidate D:\game\mc\.minecraft\versions\测试MOD\mods\Placebo-1.20.1-8.6.3.jar
[048月2026 10:40:03.816] [main/DEBUG] [net.minecraftforge.fml.loading.moddiscovery.ModFileInfo/LOADING]: Found valid mod file Placebo-1.20.1-8.6.3.jar with {placebo} mods - versions {8.6.3}
[048月2026 10:40:03.821] [main/DEBUG] [net.minecraftforge.fml.loading.moddiscovery.ModFileParser/LOADING]: Considering mod file candidate D:\game\mc\.minecraft\versions\测试MOD\mods\PuzzlesLib-v8.1.33-1.20.1-Forge.jar
[048月2026 10:40:03.821] [main/DEBUG] [net.minecraftforge.fml.loading.moddiscovery.ModFileInfo/LOADING]: Found valid mod file PuzzlesLib-v8.1.33-1.20.1-Forge.jar with {puzzleslib} mods - versions {8.1.33}
[048月2026 10:40:03.822] [main/DEBUG] [net.minecraftforge.fml.loading.moddiscovery.ModFileParser/LOADING]: Considering mod file candidate D:\game\mc\.minecraft\versions\测试MOD\mods\Searchables-forge-1.20.1-1.0.3.jar
[048月2026 10:40:03.822] [main/DEBUG] [net.minecraftforge.fml.loading.moddiscovery.ModFileInfo/LOADING]: Found valid mod file Searchables-forge-1.20.1-1.0.3.jar with {searchables} mods - versions {1.0.3}
[048月2026 10:40:03.823] [main/DEBUG] [net.minecraftforge.fml.loading.moddiscovery.ModFileParser/LOADING]: Considering mod file candidate D:\game\mc\.minecraft\versions\测试MOD\mods\silent-lib-1.20.1-8.0.0.jar
[048月2026 10:40:03.824] [main/DEBUG] [net.minecraftforge.fml.loading.moddiscovery.ModFileInfo/LOADING]: Found valid mod file silent-lib-1.20.1-8.0.0.jar with {silentlib} mods - versions {8.0.0}
[048月2026 10:40:03.825] [main/DEBUG] [net.minecraftforge.fml.loading.moddiscovery.ModFileParser/LOADING]: Considering mod file candidate D:\game\mc\.minecraft\versions\测试MOD\mods\sodiumoptionsapi-forge-1.0.10-1.20.1.jar
[048月2026 10:40:03.825] [main/DEBUG] [net.minecraftforge.fml.loading.moddiscovery.ModFileInfo/LOADING]: Found valid mod file sodiumoptionsapi-forge-1.0.10-1.20.1.jar with {sodiumoptionsapi} mods - versions {1.0.10}
[048月2026 10:40:03.827] [main/DEBUG] [net.minecraftforge.fml.loading.moddiscovery.ModFileParser/LOADING]: Considering mod file candidate D:\game\mc\.minecraft\versions\测试MOD\mods\Tweakerge-0.1.5-mc1.20.1.jar
[048月2026 10:40:03.827] [main/DEBUG] [net.minecraftforge.fml.loading.moddiscovery.ModFileInfo/LOADING]: Found valid mod file Tweakerge-0.1.5-mc1.20.1.jar with {tweakerge} mods - versions {0.1.5-mc1.20.1}
[048月2026 10:40:03.900] [main/DEBUG] [net.minecraftforge.fml.loading.moddiscovery.ModFileInfo/LOADING]: Found valid mod file client-1.20.1-20230612.114412-srg.jar with {minecraft} mods - versions {1.20.1}
[048月2026 10:40:03.905] [main/DEBUG] [net.minecraftforge.fml.loading.moddiscovery.ModFileParser/LOADING]: Considering mod file candidate D:\game\mc\.minecraft\libraries\net\minecraftforge\fmlcore\1.20.1-47.4.20\fmlcore-1.20.1-47.4.20.jar
[048月2026 10:40:03.905] [main/WARN] [net.minecraftforge.fml.loading.moddiscovery.ModFileParser/LOADING]: Mod file D:\game\mc\.minecraft\libraries\net\minecraftforge\fmlcore\1.20.1-47.4.20\fmlcore-1.20.1-47.4.20.jar is missing mods.toml file
[048月2026 10:40:03.907] [main/DEBUG] [net.minecraftforge.fml.loading.moddiscovery.ModFileParser/LOADING]: Considering mod file candidate D:\game\mc\.minecraft\libraries\net\minecraftforge\javafmllanguage\1.20.1-47.4.20\javafmllanguage-1.20.1-47.4.20.jar
[048月2026 10:40:03.907] [main/WARN] [net.minecraftforge.fml.loading.moddiscovery.ModFileParser/LOADING]: Mod file D:\game\mc\.minecraft\libraries\net\minecraftforge\javafmllanguage\1.20.1-47.4.20\javafmllanguage-1.20.1-47.4.20.jar is missing mods.toml file
[048月2026 10:40:03.911] [main/DEBUG] [net.minecraftforge.fml.loading.moddiscovery.ModFileParser/LOADING]: Considering mod file candidate D:\game\mc\.minecraft\libraries\net\minecraftforge\lowcodelanguage\1.20.1-47.4.20\lowcodelanguage-1.20.1-47.4.20.jar
[048月2026 10:40:03.911] [main/WARN] [net.minecraftforge.fml.loading.moddiscovery.ModFileParser/LOADING]: Mod file D:\game\mc\.minecraft\libraries\net\minecraftforge\lowcodelanguage\1.20.1-47.4.20\lowcodelanguage-1.20.1-47.4.20.jar is missing mods.toml file
[048月2026 10:40:03.913] [main/DEBUG] [net.minecraftforge.fml.loading.moddiscovery.ModFileParser/LOADING]: Considering mod file candidate D:\game\mc\.minecraft\libraries\net\minecraftforge\mclanguage\1.20.1-47.4.20\mclanguage-1.20.1-47.4.20.jar
[048月2026 10:40:03.914] [main/WARN] [net.minecraftforge.fml.loading.moddiscovery.ModFileParser/LOADING]: Mod file D:\game\mc\.minecraft\libraries\net\minecraftforge\mclanguage\1.20.1-47.4.20\mclanguage-1.20.1-47.4.20.jar is missing mods.toml file
[048月2026 10:40:03.918] [main/DEBUG] [net.minecraftforge.fml.loading.moddiscovery.ModFileParser/LOADING]: Considering mod file candidate D:\game\mc\.minecraft\libraries\net\minecraftforge\forge\1.20.1-47.4.20\forge-1.20.1-47.4.20-universal.jar
[048月2026 10:40:03.919] [main/DEBUG] [net.minecraftforge.fml.loading.moddiscovery.ModFileInfo/LOADING]: Found valid mod file forge-1.20.1-47.4.20-universal.jar with {forge} mods - versions {47.4.20}
[048月2026 10:40:03.928] [main/DEBUG] [net.minecraftforge.fml.loading.moddiscovery.AbstractJarFileDependencyLocator/]: Failed to load resource META-INF\jarjar\metadata.json from ftb-library-forge-1902.4.2-build.700.jar, it does not contain dependency information.
[048月2026 10:40:03.928] [main/DEBUG] [net.minecraftforge.fml.loading.moddiscovery.AbstractJarFileDependencyLocator/]: Failed to load resource META-INF\jarjar\metadata.json from [垃圾槽] trashslot-forge-1.20.1-15.1.5.jar, it does not contain dependency information.
[048月2026 10:40:03.928] [main/DEBUG] [net.minecraftforge.fml.loading.moddiscovery.AbstractJarFileDependencyLocator/]: Failed to load resource META-INF\jarjar\metadata.json from [等价饰品] emcbaubles-1.3.1.jar, it does not contain dependency information.
[048月2026 10:40:03.928] [main/DEBUG] [net.minecraftforge.fml.loading.moddiscovery.AbstractJarFileDependencyLocator/]: Failed to load resource META-INF\jarjar\metadata.json from [物品过滤器] item-filters-forge-2001.1.0-build.59.jar, it does not contain dependency information.
[048月2026 10:40:03.928] [main/DEBUG] [net.minecraftforge.fml.loading.moddiscovery.AbstractJarFileDependencyLocator/]: Failed to load resource META-INF\jarjar\metadata.json from [属性修复] AttributeFix-Forge-1.20.1-21.0.5.jar, it does not contain dependency information.
[048月2026 10:40:03.929] [main/DEBUG] [net.minecraftforge.fml.loading.moddiscovery.AbstractJarFileDependencyLocator/]: Failed to load resource META-INF\jarjar\metadata.json from [等价交换重制版] ProjectE-1.20.1-PE1.0.1.jar, it does not contain dependency information.
[048月2026 10:40:03.929] [main/DEBUG] [net.minecraftforge.fml.loading.moddiscovery.AbstractJarFileDependencyLocator/]: Failed to load resource META-INF\jarjar\metadata.json from [物理声效重制版] sound-physics-remastered-forge-1.20.1-1.5.1.jar, it does not contain dependency information.
[048月2026 10:40:03.929] [main/DEBUG] [net.minecraftforge.fml.loading.moddiscovery.AbstractJarFileDependencyLocator/]: Failed to load resource META-INF\jarjar\metadata.json from [极简血量显示] Neat-1.20.1-41-FORGE.jar, it does not contain dependency information.
[048月2026 10:40:03.929] [main/DEBUG] [net.minecraftforge.fml.loading.moddiscovery.AbstractJarFileDependencyLocator/]: Failed to load resource META-INF\jarjar\metadata.json from [经验机制改革] Clumps-forge-1.20.1-12.0.0.4.jar, it does not contain dependency information.
[048月2026 10:40:03.929] [main/DEBUG] [net.minecraftforge.fml.loading.moddiscovery.AbstractJarFileDependencyLocator/]: Failed to load resource META-INF\jarjar\metadata.json from [键位冲突显示] Controlling-forge-1.20.1-12.0.2.jar, it does not contain dependency information.
[048月2026 10:40:03.929] [main/DEBUG] [net.minecraftforge.fml.loading.moddiscovery.AbstractJarFileDependencyLocator/]: Failed to load resource META-INF\jarjar\metadata.json from Placebo-1.20.1-8.6.3.jar, it does not contain dependency information.
[048月2026 10:40:03.929] [main/DEBUG] [net.minecraftforge.fml.loading.moddiscovery.AbstractJarFileDependencyLocator/]: Failed to load resource META-INF\jarjar\metadata.json from citadel-2.6.3-1.20.1.jar, it does not contain dependency information.
[048月2026 10:40:03.929] [main/DEBUG] [net.minecraftforge.fml.loading.moddiscovery.AbstractJarFileDependencyLocator/]: Failed to load resource META-INF\jarjar\metadata.json from [Asteor的状态栏和血量显示] asteorbar-forge-1.20.1-1.5.3.jar, it does not contain dependency information.
[048月2026 10:40:03.929] [main/DEBUG] [net.minecraftforge.fml.loading.moddiscovery.AbstractJarFileDependencyLocator/]: Failed to load resource META-INF\jarjar\metadata.json from [自然罗盘／生物群系指南针] NaturesCompass-1.20.1-1.12.0-forge.jar, it does not contain dependency information.
[048月2026 10:40:03.929] [main/DEBUG] [net.minecraftforge.fml.loading.moddiscovery.AbstractJarFileDependencyLocator/]: Failed to load resource META-INF\jarjar\metadata.json from MaxHealthFix-Forge-1.20.1-12.0.4.jar, it does not contain dependency information.
[048月2026 10:40:03.929] [main/DEBUG] [net.minecraftforge.fml.loading.moddiscovery.AbstractJarFileDependencyLocator/]: Failed to load resource META-INF\jarjar\metadata.json from Tweakerge-0.1.5-mc1.20.1.jar, it does not contain dependency information.
[048月2026 10:40:03.929] [main/DEBUG] [net.minecraftforge.fml.loading.moddiscovery.AbstractJarFileDependencyLocator/]: Failed to load resource META-INF\jarjar\metadata.json from [神化] Apotheosis-1.20.1-7.4.8.jar, it does not contain dependency information.
[048月2026 10:40:03.930] [main/DEBUG] [net.minecraftforge.fml.loading.moddiscovery.AbstractJarFileDependencyLocator/]: Failed to load resource META-INF\jarjar\metadata.json from [探险者指南针] ExplorersCompass-1.20.1-1.4.0-forge.jar, it does not contain dependency information.
[048月2026 10:40:03.930] [main/DEBUG] [net.minecraftforge.fml.loading.moddiscovery.AbstractJarFileDependencyLocator/]: Failed to load resource META-INF\jarjar\metadata.json from [等价兼容] ProjectE_Integration-1.20.1-7.2.5.jar, it does not contain dependency information.
[048月2026 10:40:03.930] [main/DEBUG] [net.minecraftforge.fml.loading.moddiscovery.AbstractJarFileDependencyLocator/]: Failed to load resource META-INF\jarjar\metadata.json from [模组目录] catalogue-forge-1.20.1-1.8.0.jar, it does not contain dependency information.
[048月2026 10:40:03.930] [main/DEBUG] [net.minecraftforge.fml.loading.moddiscovery.AbstractJarFileDependencyLocator/]: Failed to load resource META-INF\jarjar\metadata.json from [内存泄漏修复] memoryleakfix-forge-1.17+-1.1.5.jar, it does not contain dependency information.
[048月2026 10:40:03.930] [main/DEBUG] [net.minecraftforge.fml.loading.moddiscovery.AbstractJarFileDependencyLocator/]: Failed to load resource META-INF\jarjar\metadata.json from ftb-teams-forge-1902.2.14-build.165.jar, it does not contain dependency information.
[048月2026 10:40:03.930] [main/DEBUG] [net.minecraftforge.fml.loading.moddiscovery.AbstractJarFileDependencyLocator/]: Failed to load resource META-INF\jarjar\metadata.json from cloth-config-11.1.136-forge.jar, it does not contain dependency information.
[048月2026 10:40:03.930] [main/DEBUG] [net.minecraftforge.fml.loading.moddiscovery.AbstractJarFileDependencyLocator/]: Failed to load resource META-INF\jarjar\metadata.json from forge-1.20.1-47.4.20-universal.jar, it does not contain dependency information.
[048月2026 10:40:03.930] [main/DEBUG] [net.minecraftforge.fml.loading.moddiscovery.AbstractJarFileDependencyLocator/]: Failed to load resource META-INF\jarjar\metadata.json from [全键无冲] NonConflictKeys-Forge-1.19.X-1.20-1.0.0.jar, it does not contain dependency information.
[048月2026 10:40:03.930] [main/DEBUG] [net.minecraftforge.fml.loading.moddiscovery.AbstractJarFileDependencyLocator/]: Failed to load resource META-INF\jarjar\metadata.json from monsterwaves-0.1.0.jar, it does not contain dependency information.
[048月2026 10:40:03.930] [main/DEBUG] [net.minecraftforge.fml.loading.moddiscovery.AbstractJarFileDependencyLocator/]: Failed to load resource META-INF\jarjar\metadata.json from client-1.20.1-20230612.114412-srg.jar, it does not contain dependency information.
[048月2026 10:40:03.930] [main/DEBUG] [net.minecraftforge.fml.loading.moddiscovery.AbstractJarFileDependencyLocator/]: Failed to load resource META-INF\jarjar\metadata.json from emi-1.1.24+1.20.1+forge.jar, it does not contain dependency information.
[048月2026 10:40:03.930] [main/DEBUG] [net.minecraftforge.fml.loading.moddiscovery.AbstractJarFileDependencyLocator/]: Failed to load resource META-INF\jarjar\metadata.json from [鼠标手势] MouseTweaks-forge-mc1.20.1-2.25.1.jar, it does not contain dependency information.
[048月2026 10:40:03.930] [main/DEBUG] [net.minecraftforge.fml.loading.moddiscovery.AbstractJarFileDependencyLocator/]: Failed to load resource META-INF\jarjar\metadata.json from ftb-quests-forge-1902.5.10-build.497.jar, it does not contain dependency information.
[048月2026 10:40:03.931] [main/DEBUG] [net.minecraftforge.fml.loading.moddiscovery.AbstractJarFileDependencyLocator/]: Failed to load resource META-INF\jarjar\metadata.json from silent-lib-1.20.1-8.0.0.jar, it does not contain dependency information.
[048月2026 10:40:03.931] [main/DEBUG] [net.minecraftforge.fml.loading.moddiscovery.AbstractJarFileDependencyLocator/]: Failed to load resource META-INF\jarjar\metadata.json from [玉 ?] Jade-1.20.1-Forge-11.13.2.jar, it does not contain dependency information.
[048月2026 10:40:03.931] [main/DEBUG] [net.minecraftforge.fml.loading.moddiscovery.AbstractJarFileDependencyLocator/]: Failed to load resource META-INF\jarjar\metadata.json from [GD656击杀图标] gd656killicon-1.1.2-1.20.1-forge.jar, it does not contain dependency information.
[048月2026 10:40:03.931] [main/DEBUG] [net.minecraftforge.fml.loading.moddiscovery.AbstractJarFileDependencyLocator/]: Failed to load resource META-INF\jarjar\metadata.json from MaFgLib-0.1.14-mc1.20.1.jar, it does not contain dependency information.
[048月2026 10:40:03.931] [main/DEBUG] [net.minecraftforge.fml.loading.moddiscovery.AbstractJarFileDependencyLocator/]: Failed to load resource META-INF\jarjar\metadata.json from [更好的树叶渲染优化重铸版] CullLessLeaves-Reforged-1.20.1-1.0.5.jar, it does not contain dependency information.
[048月2026 10:40:03.931] [main/DEBUG] [net.minecraftforge.fml.loading.moddiscovery.AbstractJarFileDependencyLocator/]: Failed to load resource META-INF\jarjar\metadata.json from [物品高亮] Highlighter-1.20.1-forge-1.1.9.jar, it does not contain dependency information.
[048月2026 10:40:03.944] [main/DEBUG] [net.minecraftforge.fml.loading.moddiscovery.AbstractJarFileDependencyLocator/]: Failed to load resource META-INF\jarjar\metadata.json from [TaCZ：绿葡萄战术装备] lrtactical-1.20.1-0.4.1.jar, it does not contain dependency information.
[048月2026 10:40:03.945] [main/DEBUG] [net.minecraftforge.fml.loading.moddiscovery.AbstractJarFileDependencyLocator/]: Failed to load resource META-INF\jarjar\metadata.json from curios-forge-5.14.1+1.20.1.jar, it does not contain dependency information.
[048月2026 10:40:03.945] [main/DEBUG] [net.minecraftforge.fml.loading.moddiscovery.AbstractJarFileDependencyLocator/]: Failed to load resource META-INF\jarjar\metadata.json from [冰山] Iceberg-1.20.1-forge-1.1.25.jar, it does not contain dependency information.
[048月2026 10:40:03.945] [main/DEBUG] [net.minecraftforge.fml.loading.moddiscovery.AbstractJarFileDependencyLocator/]: Failed to load resource META-INF\jarjar\metadata.json from [帕秋莉手册] Patchouli-1.20.1-85-FORGE.jar, it does not contain dependency information.
[048月2026 10:40:03.945] [main/DEBUG] [net.minecraftforge.fml.loading.moddiscovery.AbstractJarFileDependencyLocator/]: Failed to load resource META-INF\jarjar\metadata.json from Searchables-forge-1.20.1-1.0.3.jar, it does not contain dependency information.
[048月2026 10:40:03.945] [main/DEBUG] [net.minecraftforge.fml.loading.moddiscovery.AbstractJarFileDependencyLocator/]: Failed to load resource META-INF\jarjar\metadata.json from [灵动提示框] colortooltips-1201.3.1.jar, it does not contain dependency information.
[048月2026 10:40:03.945] [main/DEBUG] [net.minecraftforge.fml.loading.moddiscovery.AbstractJarFileDependencyLocator/]: Failed to load resource META-INF\jarjar\metadata.json from [加速火把] Torcherino-forge-1.20.1-20.0.0.jar, it does not contain dependency information.
[048月2026 10:40:03.945] [main/DEBUG] [net.minecraftforge.fml.loading.moddiscovery.AbstractJarFileDependencyLocator/]: Failed to load resource META-INF\jarjar\metadata.json from ApothicAttributes-1.20.1-1.3.7.jar, it does not contain dependency information.
[048月2026 10:40:03.945] [main/DEBUG] [net.minecraftforge.fml.loading.moddiscovery.AbstractJarFileDependencyLocator/]: Failed to load resource META-INF\jarjar\metadata.json from [等价交换团队] teamprojecte-1.20.1-1.1.4.jar, it does not contain dependency information.
[048月2026 10:40:03.945] [main/DEBUG] [net.minecraftforge.fml.loading.moddiscovery.AbstractJarFileDependencyLocator/]: Failed to load resource META-INF\jarjar\metadata.json from holdmyitems-1.20.1v2.1.jar, it does not contain dependency information.
[048月2026 10:40:03.945] [main/DEBUG] [net.minecraftforge.fml.loading.moddiscovery.AbstractJarFileDependencyLocator/]: Failed to load resource META-INF\jarjar\metadata.json from [通用拼音搜索] jecharacters-1.20.1-forge-4.6.7.jar, it does not contain dependency information.
[048月2026 10:40:03.945] [main/DEBUG] [net.minecraftforge.fml.loading.moddiscovery.AbstractJarFileDependencyLocator/]: Failed to load resource META-INF\jarjar\metadata.json from ftb-ultimine-forge-1902.4.2-build.136.jar, it does not contain dependency information.
[048月2026 10:40:03.945] [main/DEBUG] [net.minecraftforge.fml.loading.moddiscovery.AbstractJarFileDependencyLocator/]: Failed to load resource META-INF\jarjar\metadata.json from [物品栏HUD+] inventoryhud.forge.1.20.1-3.4.26.jar, it does not contain dependency information.
[048月2026 10:40:03.945] [main/DEBUG] [net.minecraftforge.fml.loading.moddiscovery.AbstractJarFileDependencyLocator/]: Failed to load resource META-INF\jarjar\metadata.json from [等价交换扩展] ProjectExtended-1.20.1-1.5.0.jar, it does not contain dependency information.
[048月2026 10:40:03.945] [main/DEBUG] [net.minecraftforge.fml.loading.moddiscovery.AbstractJarFileDependencyLocator/]: Failed to load resource META-INF\jarjar\metadata.json from [稀有度核心] raritycore-1201.14.0.jar, it does not contain dependency information.
[048月2026 10:40:03.945] [main/DEBUG] [net.minecraftforge.fml.loading.moddiscovery.AbstractJarFileDependencyLocator/]: Failed to load resource META-INF\jarjar\metadata.json from architectury-9.2.14-forge.jar, it does not contain dependency information.
[048月2026 10:40:03.945] [main/DEBUG] [net.minecraftforge.fml.loading.moddiscovery.AbstractJarFileDependencyLocator/]: Failed to load resource META-INF\jarjar\metadata.json from [苹果皮] appleskin-forge-mc1.20.1-2.5.1.jar, it does not contain dependency information.
[048月2026 10:40:03.945] [main/DEBUG] [net.minecraftforge.fml.loading.moddiscovery.AbstractJarFileDependencyLocator/]: Failed to load resource META-INF\jarjar\metadata.json from [铁氧体磁芯] ferritecore-6.0.1-forge.jar, it does not contain dependency information.
[048月2026 10:40:03.945] [main/DEBUG] [net.minecraftforge.fml.loading.moddiscovery.AbstractJarFileDependencyLocator/]: Failed to load resource META-INF\jarjar\metadata.json from [输入法冲突修复] IMBlocker-5.5.4-forge+1.17-1.20.4.jar, it does not contain dependency information.
[048月2026 10:40:03.945] [main/DEBUG] [net.minecraftforge.fml.loading.moddiscovery.AbstractJarFileDependencyLocator/]: Failed to load resource META-INF\jarjar\metadata.json from [FTB任务冻结修复] ftbquestsfreezefix-forge-1.0.0-1.20.1.jar, it does not contain dependency information.
[048月2026 10:40:03.945] [main/DEBUG] [net.minecraftforge.fml.loading.moddiscovery.AbstractJarFileDependencyLocator/]: Failed to load resource META-INF\jarjar\metadata.json from mclanguage-1.20.1-47.4.20.jar, it does not contain dependency information.
[048月2026 10:40:03.945] [main/DEBUG] [net.minecraftforge.fml.loading.moddiscovery.AbstractJarFileDependencyLocator/]: Failed to load resource META-INF\jarjar\metadata.json from javafmllanguage-1.20.1-47.4.20.jar, it does not contain dependency information.
[048月2026 10:40:03.945] [main/DEBUG] [net.minecraftforge.fml.loading.moddiscovery.AbstractJarFileDependencyLocator/]: Failed to load resource META-INF\jarjar\metadata.json from fmlcore-1.20.1-47.4.20.jar, it does not contain dependency information.
[048月2026 10:40:03.945] [main/DEBUG] [net.minecraftforge.fml.loading.moddiscovery.AbstractJarFileDependencyLocator/]: Failed to load resource META-INF\jarjar\metadata.json from lowcodelanguage-1.20.1-47.4.20.jar, it does not contain dependency information.
[048月2026 10:40:03.961] [main/DEBUG] [net.minecraftforge.fml.loading.moddiscovery.ModFileParser/LOADING]: Considering mod file candidate 
[048月2026 10:40:03.962] [main/DEBUG] [net.minecraftforge.fml.loading.moddiscovery.ModFileInfo/LOADING]: Found valid mod file xaerolib-forge-1.20.1-1.7.1.jar with {xaerolib} mods - versions {1.7.1}
[048月2026 10:40:03.965] [main/DEBUG] [net.minecraftforge.fml.loading.moddiscovery.ModFileParser/LOADING]: Considering mod file candidate 
[048月2026 10:40:03.965] [main/DEBUG] [net.minecraftforge.fml.loading.moddiscovery.ModFileInfo/LOADING]: Found valid mod file simplebedrockmodel-2.2.2-forge+mc1.20.1.jar with {simplebedrockmodel} mods - versions {2.2.2-forge+mc1.20.1}
[048月2026 10:40:04.005] [main/DEBUG] [net.minecraftforge.fml.loading.moddiscovery.ModFileParser/LOADING]: Considering mod file candidate 
[048月2026 10:40:04.005] [main/DEBUG] [net.minecraftforge.fml.loading.moddiscovery.ModFileInfo/LOADING]: Found valid mod file mixinextras-forge-0.3.6.jar with {mixinextras} mods - versions {0.3.6}
[048月2026 10:40:04.006] [main/DEBUG] [net.minecraftforge.fml.loading.moddiscovery.ModFileParser/LOADING]: Considering mod file candidate 
[048月2026 10:40:04.006] [main/DEBUG] [net.minecraftforge.fml.loading.moddiscovery.ModFileInfo/LOADING]: Found valid mod file mixinextras-forge-0.3.5.jar with {mixinextras} mods - versions {0.3.5}
[048月2026 10:40:04.007] [main/DEBUG] [net.minecraftforge.fml.loading.moddiscovery.ModFileParser/LOADING]: Considering mod file candidate 
[048月2026 10:40:04.007] [main/DEBUG] [net.minecraftforge.fml.loading.moddiscovery.ModFileInfo/LOADING]: Found valid mod file kuma-api-forge-20.1.12+1.20.1.jar with {kuma_api} mods - versions {20.1.12}
[048月2026 10:40:04.008] [main/DEBUG] [net.minecraftforge.fml.loading.moddiscovery.ModFileParser/LOADING]: Considering mod file candidate 
[048月2026 10:40:04.008] [main/DEBUG] [net.minecraftforge.fml.loading.moddiscovery.ModFileInfo/LOADING]: Found valid mod file puzzlesaccessapi-forge-20.1.1.jar with {puzzlesaccessapi} mods - versions {20.1.1}
[048月2026 10:40:04.009] [main/DEBUG] [net.minecraftforge.fml.loading.moddiscovery.ModFileParser/LOADING]: Considering mod file candidate 
[048月2026 10:40:04.010] [main/DEBUG] [net.minecraftforge.fml.loading.moddiscovery.ModFileInfo/LOADING]: Found valid mod file mixinextras-forge-0.4.1.jar with {mixinextras} mods - versions {0.4.1}
[048月2026 10:40:04.010] [main/DEBUG] [net.minecraftforge.fml.loading.moddiscovery.ModFileParser/LOADING]: Considering mod file candidate 
[048月2026 10:40:04.010] [main/DEBUG] [net.minecraftforge.fml.loading.moddiscovery.ModFileInfo/LOADING]: Found valid mod file mixinextras-forge-0.4.1.jar with {mixinextras} mods - versions {0.4.1}
[048月2026 10:40:04.021] [main/DEBUG] [net.minecraftforge.fml.loading.moddiscovery.ModFileParser/LOADING]: Considering mod file candidate 
[048月2026 10:40:04.022] [main/DEBUG] [net.minecraftforge.fml.loading.moddiscovery.ModFileInfo/LOADING]: Found valid mod file TRansition-1.0.21-1.20.1-forge-SNAPSHOT.jar with {transition} mods - versions {1.0.21}
[048月2026 10:40:04.025] [main/DEBUG] [net.minecraftforge.fml.loading.moddiscovery.ModFileParser/LOADING]: Considering mod file candidate 
[048月2026 10:40:04.025] [main/DEBUG] [net.minecraftforge.fml.loading.moddiscovery.ModFileInfo/LOADING]: Found valid mod file TRender-1.0.15-1.20.1-forge-SNAPSHOT.jar with {trender} mods - versions {1.0.15}
[048月2026 10:40:04.027] [main/DEBUG] [net.minecraftforge.fml.loading.moddiscovery.ModFileParser/LOADING]: Considering mod file candidate 
[048月2026 10:40:04.027] [main/DEBUG] [net.minecraftforge.fml.loading.moddiscovery.ModFileInfo/LOADING]: Found valid mod file spectrelib-forge-0.13.15+1.20.1.jar with {spectrelib} mods - versions {0.13.15+1.20.1}
[048月2026 10:40:04.047] [main/DEBUG] [net.minecraftforge.fml.loading.moddiscovery.ModFileParser/LOADING]: Considering mod file candidate 
[048月2026 10:40:04.048] [main/DEBUG] [net.minecraftforge.fml.loading.moddiscovery.ModFileInfo/LOADING]: Found valid mod file gunsmithlib-forge-1.20.1-tacz1.1.8-6.0.0.jar with {gunsmithlib} mods - versions {6.0.0}
[048月2026 10:40:04.049] [main/DEBUG] [net.minecraftforge.fml.loading.moddiscovery.ModFileParser/LOADING]: Considering mod file candidate 
[048月2026 10:40:04.049] [main/DEBUG] [net.minecraftforge.fml.loading.moddiscovery.ModFileInfo/LOADING]: Found valid mod file mixinextras-forge-0.4.1.jar with {mixinextras} mods - versions {0.4.1}
[048月2026 10:40:04.060] [main/DEBUG] [net.minecraftforge.fml.loading.moddiscovery.ModFileParser/LOADING]: Considering mod file candidate 
[048月2026 10:40:04.061] [main/DEBUG] [net.minecraftforge.fml.loading.moddiscovery.ModFileInfo/LOADING]: Found valid mod file TRansition-1.0.21-1.20.1-forge-SNAPSHOT.jar with {transition} mods - versions {1.0.21}
[048月2026 10:40:04.065] [main/DEBUG] [net.minecraftforge.fml.loading.moddiscovery.ModFileParser/LOADING]: Considering mod file candidate 
[048月2026 10:40:04.065] [main/DEBUG] [net.minecraftforge.fml.loading.moddiscovery.ModFileInfo/LOADING]: Found valid mod file TRender-1.0.15-1.20.1-forge-SNAPSHOT.jar with {trender} mods - versions {1.0.15}
[048月2026 10:40:04.066] [main/DEBUG] [net.minecraftforge.fml.loading.moddiscovery.ModFileParser/LOADING]: Considering mod file candidate 
[048月2026 10:40:04.066] [main/DEBUG] [net.minecraftforge.fml.loading.moddiscovery.ModFileInfo/LOADING]: Found valid mod file fabric-api-base-0.4.31+ef105b4977.jar with {fabric_api_base} mods - versions {0.4.31+ef105b4977}
[048月2026 10:40:04.067] [main/DEBUG] [net.minecraftforge.fml.loading.moddiscovery.ModFileParser/LOADING]: Considering mod file candidate 
[048月2026 10:40:04.067] [main/DEBUG] [net.minecraftforge.fml.loading.moddiscovery.ModFileInfo/LOADING]: Found valid mod file mixinextras-forge-0.4.1.jar with {mixinextras} mods - versions {0.4.1}
[048月2026 10:40:04.070] [main/DEBUG] [net.minecraftforge.fml.loading.moddiscovery.ModFileParser/LOADING]: Considering mod file candidate 
[048月2026 10:40:04.070] [main/DEBUG] [net.minecraftforge.fml.loading.moddiscovery.ModFileInfo/LOADING]: Found valid mod file mixinextras-forge-0.4.1.jar with {mixinextras} mods - versions {0.4.1}
[048月2026 10:40:04.079] [main/DEBUG] [net.minecraftforge.fml.loading.moddiscovery.ModFileParser/LOADING]: Considering mod file candidate 
[048月2026 10:40:04.079] [main/DEBUG] [net.minecraftforge.fml.loading.moddiscovery.ModFileInfo/LOADING]: Found valid mod file xaerolib-forge-1.20.1-1.7.1.jar with {xaerolib} mods - versions {1.7.1}
[048月2026 10:40:04.085] [main/DEBUG] [net.minecraftforge.fml.loading.moddiscovery.ModFileParser/LOADING]: Considering mod file candidate 
[048月2026 10:40:04.085] [main/DEBUG] [net.minecraftforge.fml.loading.moddiscovery.ModFileInfo/LOADING]: Found valid mod file mixinextras-forge-0.3.6.jar with {mixinextras} mods - versions {0.3.6}
[048月2026 10:40:04.086] [main/DEBUG] [net.minecraftforge.fml.loading.moddiscovery.ModFileParser/LOADING]: Considering mod file candidate 
[048月2026 10:40:04.086] [main/DEBUG] [net.minecraftforge.fml.loading.moddiscovery.ModFileInfo/LOADING]: Found valid mod file mixinsquared-forge-0.1.1.jar with {mixinsquared} mods - versions {0.1.1}
[048月2026 10:40:04.086] [main/DEBUG] [net.minecraftforge.fml.loading.moddiscovery.AbstractJarFileDependencyLocator/]: Failed to load resource META-INF\jarjar\metadata.json from xaerolib-forge-1.20.1-1.7.1.jar, it does not contain dependency information.
[048月2026 10:40:04.089] [main/DEBUG] [net.minecraftforge.fml.loading.moddiscovery.AbstractJarFileDependencyLocator/]: Failed to load resource META-INF\jarjar\metadata.json from commons-math3-3.6.1.jar, it does not contain dependency information.
[048月2026 10:40:04.089] [main/DEBUG] [net.minecraftforge.fml.loading.moddiscovery.AbstractJarFileDependencyLocator/]: Failed to load resource META-INF\jarjar\metadata.json from luaj-core-3.0.8-figura.jar, it does not contain dependency information.
[048月2026 10:40:04.089] [main/DEBUG] [net.minecraftforge.fml.loading.moddiscovery.AbstractJarFileDependencyLocator/]: Failed to load resource META-INF\jarjar\metadata.json from luaj-jse-3.0.8-figura.jar, it does not contain dependency information.
[048月2026 10:40:04.089] [main/DEBUG] [net.minecraftforge.fml.loading.moddiscovery.AbstractJarFileDependencyLocator/]: Failed to load resource META-INF\jarjar\metadata.json from bcel-6.6.1.jar, it does not contain dependency information.
[048月2026 10:40:04.093] [main/DEBUG] [net.minecraftforge.fml.loading.moddiscovery.AbstractJarFileDependencyLocator/]: Failed to load resource META-INF\jarjar\metadata.json from kuma-api-forge-20.1.12+1.20.1.jar, it does not contain dependency information.
[048月2026 10:40:04.093] [main/DEBUG] [net.minecraftforge.fml.loading.moddiscovery.AbstractJarFileDependencyLocator/]: Failed to load resource META-INF\jarjar\metadata.json from puzzlesaccessapi-forge-20.1.1.jar, it does not contain dependency information.
[048月2026 10:40:04.098] [main/DEBUG] [net.minecraftforge.fml.loading.moddiscovery.AbstractJarFileDependencyLocator/]: Failed to load resource META-INF\jarjar\metadata.json from TRansition-1.0.21-1.20.1-forge-SNAPSHOT.jar, it does not contain dependency information.
[048月2026 10:40:04.098] [main/DEBUG] [net.minecraftforge.fml.loading.moddiscovery.AbstractJarFileDependencyLocator/]: Failed to load resource META-INF\jarjar\metadata.json from TRender-1.0.15-1.20.1-forge-SNAPSHOT.jar, it does not contain dependency information.
[048月2026 10:40:04.098] [main/DEBUG] [net.minecraftforge.fml.loading.moddiscovery.AbstractJarFileDependencyLocator/]: Failed to load resource META-INF\jarjar\metadata.json from spectrelib-forge-0.13.15+1.20.1.jar, it does not contain dependency information.
[048月2026 10:40:04.098] [main/DEBUG] [net.minecraftforge.fml.loading.moddiscovery.AbstractJarFileDependencyLocator/]: Failed to load resource META-INF\jarjar\metadata.json from mclib-20.jar, it does not contain dependency information.
[048月2026 10:40:04.099] [main/DEBUG] [net.minecraftforge.fml.loading.moddiscovery.ModFileParser/LOADING]: Considering mod file candidate 
[048月2026 10:40:04.100] [main/DEBUG] [net.minecraftforge.fml.loading.moddiscovery.ModFileInfo/LOADING]: Found valid mod file kuroutils2-2001.2.4.0.jar with {kuroutils} mods - versions {2001.2.4.0}
[048月2026 10:40:04.103] [main/DEBUG] [net.minecraftforge.fml.loading.moddiscovery.AbstractJarFileDependencyLocator/]: Failed to load resource META-INF\jarjar\metadata.json from TRansition-1.0.21-1.20.1-forge-SNAPSHOT.jar, it does not contain dependency information.
[048月2026 10:40:04.103] [main/DEBUG] [net.minecraftforge.fml.loading.moddiscovery.AbstractJarFileDependencyLocator/]: Failed to load resource META-INF\jarjar\metadata.json from TRender-1.0.15-1.20.1-forge-SNAPSHOT.jar, it does not contain dependency information.
[048月2026 10:40:04.103] [main/DEBUG] [net.minecraftforge.fml.loading.moddiscovery.AbstractJarFileDependencyLocator/]: Failed to load resource META-INF\jarjar\metadata.json from fabric-api-base-0.4.31+ef105b4977.jar, it does not contain dependency information.
[048月2026 10:40:04.114] [main/DEBUG] [net.minecraftforge.fml.loading.moddiscovery.AbstractJarFileDependencyLocator/]: Failed to load resource META-INF\jarjar\metadata.json from jcpp-1.4.14.jar, it does not contain dependency information.
[048月2026 10:40:04.127] [main/DEBUG] [net.minecraftforge.fml.loading.moddiscovery.AbstractJarFileDependencyLocator/]: Failed to load resource META-INF\jarjar\metadata.json from xaerolib-forge-1.20.1-1.7.1.jar, it does not contain dependency information.
[048月2026 10:40:04.131] [main/DEBUG] [net.minecraftforge.fml.loading.moddiscovery.AbstractJarFileDependencyLocator/]: Failed to load resource META-INF\jarjar\metadata.json from mae-1.1.2.jar, it does not contain dependency information.
[048月2026 10:40:04.131] [main/DEBUG] [net.minecraftforge.fml.loading.moddiscovery.AbstractJarFileDependencyLocator/]: Failed to load resource META-INF\jarjar\metadata.json from MixinExtras-0.3.6.jar, it does not contain dependency information.
[048月2026 10:40:04.131] [main/DEBUG] [net.minecraftforge.fml.loading.moddiscovery.AbstractJarFileDependencyLocator/]: Failed to load resource META-INF\jarjar\metadata.json from MixinExtras-0.3.5.jar, it does not contain dependency information.
[048月2026 10:40:04.131] [main/DEBUG] [net.minecraftforge.fml.loading.moddiscovery.AbstractJarFileDependencyLocator/]: Failed to load resource META-INF\jarjar\metadata.json from MixinExtras-0.4.1.jar, it does not contain dependency information.
[048月2026 10:40:04.131] [main/DEBUG] [net.minecraftforge.fml.loading.moddiscovery.AbstractJarFileDependencyLocator/]: Failed to load resource META-INF\jarjar\metadata.json from MixinExtras-0.4.1.jar, it does not contain dependency information.
[048月2026 10:40:04.131] [main/DEBUG] [net.minecraftforge.fml.loading.moddiscovery.AbstractJarFileDependencyLocator/]: Failed to load resource META-INF\jarjar\metadata.json from kuroutils2-2001.2.4.0.jar, it does not contain dependency information.
[048月2026 10:40:04.139] [main/DEBUG] [net.minecraftforge.fml.loading.moddiscovery.AbstractJarFileDependencyLocator/]: Failed to load resource META-INF\jarjar\metadata.json from MixinExtras-0.4.1.jar, it does not contain dependency information.
[048月2026 10:40:04.139] [main/DEBUG] [net.minecraftforge.fml.loading.moddiscovery.AbstractJarFileDependencyLocator/]: Failed to load resource META-INF\jarjar\metadata.json from MixinExtras-0.4.1.jar, it does not contain dependency information.
[048月2026 10:40:04.139] [main/DEBUG] [net.minecraftforge.fml.loading.moddiscovery.AbstractJarFileDependencyLocator/]: Failed to load resource META-INF\jarjar\metadata.json from MixinExtras-0.5.4.jar, it does not contain dependency information.
[048月2026 10:40:04.139] [main/DEBUG] [net.minecraftforge.fml.loading.moddiscovery.AbstractJarFileDependencyLocator/]: Failed to load resource META-INF\jarjar\metadata.json from MixinExtras-0.4.1.jar, it does not contain dependency information.
[048月2026 10:40:04.139] [main/DEBUG] [net.minecraftforge.fml.loading.moddiscovery.AbstractJarFileDependencyLocator/]: Failed to load resource META-INF\jarjar\metadata.json from MixinExtras-0.5.0.jar, it does not contain dependency information.
[048月2026 10:40:04.139] [main/DEBUG] [net.minecraftforge.fml.loading.moddiscovery.AbstractJarFileDependencyLocator/]: Failed to load resource META-INF\jarjar\metadata.json from MixinExtras-0.3.6.jar, it does not contain dependency information.
[048月2026 10:40:04.139] [main/DEBUG] [net.minecraftforge.fml.loading.moddiscovery.AbstractJarFileDependencyLocator/]: Failed to load resource META-INF\jarjar\metadata.json from MixinSquared-0.1.1.jar, it does not contain dependency information.
[048月2026 10:40:04.139] [main/DEBUG] [net.minecraftforge.fml.loading.moddiscovery.AbstractJarFileDependencyLocator/]: Failed to load resource META-INF\jarjar\metadata.json from MixinExtras-0.5.0.jar, it does not contain dependency information.
[048月2026 10:40:04.170] [main/DEBUG] [net.minecraftforge.fml.loading.moddiscovery.ModFileParser/LOADING]: Considering mod file candidate 
[048月2026 10:40:04.171] [main/DEBUG] [net.minecraftforge.fml.loading.moddiscovery.ModFileInfo/LOADING]: Found valid mod file puzzlesaccessapi-forge-20.1.1.jar with {puzzlesaccessapi} mods - versions {20.1.1}
[048月2026 10:40:04.187] [main/DEBUG] [net.minecraftforge.fml.loading.moddiscovery.ModFileParser/LOADING]: Considering mod file candidate 
[048月2026 10:40:04.188] [main/DEBUG] [net.minecraftforge.fml.loading.moddiscovery.ModFileInfo/LOADING]: Found valid mod file fabric-api-base-0.4.31+ef105b4977.jar with {fabric_api_base} mods - versions {0.4.31+ef105b4977}
[048月2026 10:40:04.189] [main/DEBUG] [net.minecraftforge.fml.loading.moddiscovery.ModFileParser/LOADING]: Considering mod file candidate 
[048月2026 10:40:04.189] [main/DEBUG] [net.minecraftforge.fml.loading.moddiscovery.ModFileInfo/LOADING]: Found valid mod file kuroutils2-2001.2.4.0.jar with {kuroutils} mods - versions {2001.2.4.0}
[048月2026 10:40:04.198] [main/DEBUG] [net.minecraftforge.fml.loading.moddiscovery.ModFileParser/LOADING]: Considering mod file candidate 
[048月2026 10:40:04.198] [main/DEBUG] [net.minecraftforge.fml.loading.moddiscovery.ModFileInfo/LOADING]: Found valid mod file gunsmithlib-forge-1.20.1-tacz1.1.8-6.0.0.jar with {gunsmithlib} mods - versions {6.0.0}
[048月2026 10:40:04.205] [main/DEBUG] [net.minecraftforge.fml.loading.moddiscovery.ModFileParser/LOADING]: Considering mod file candidate 
[048月2026 10:40:04.205] [main/DEBUG] [net.minecraftforge.fml.loading.moddiscovery.ModFileInfo/LOADING]: Found valid mod file TRansition-1.0.21-1.20.1-forge-SNAPSHOT.jar with {transition} mods - versions {1.0.21}
[048月2026 10:40:04.206] [main/DEBUG] [net.minecraftforge.fml.loading.moddiscovery.ModFileParser/LOADING]: Considering mod file candidate 
[048月2026 10:40:04.206] [main/DEBUG] [net.minecraftforge.fml.loading.moddiscovery.ModFileInfo/LOADING]: Found valid mod file simplebedrockmodel-2.2.2-forge+mc1.20.1.jar with {simplebedrockmodel} mods - versions {2.2.2-forge+mc1.20.1}
[048月2026 10:40:04.211] [main/DEBUG] [net.minecraftforge.fml.loading.moddiscovery.ModFileParser/LOADING]: Considering mod file candidate 
[048月2026 10:40:04.211] [main/DEBUG] [net.minecraftforge.fml.loading.moddiscovery.ModFileInfo/LOADING]: Found valid mod file mixinsquared-forge-0.1.1.jar with {mixinsquared} mods - versions {0.1.1}
[048月2026 10:40:04.215] [main/DEBUG] [net.minecraftforge.fml.loading.moddiscovery.ModFileParser/LOADING]: Considering mod file candidate 
[048月2026 10:40:04.216] [main/DEBUG] [net.minecraftforge.fml.loading.moddiscovery.ModFileInfo/LOADING]: Found valid mod file xaerolib-forge-1.20.1-1.7.1.jar with {xaerolib} mods - versions {1.7.1}
[048月2026 10:40:04.218] [main/DEBUG] [net.minecraftforge.fml.loading.moddiscovery.ModFileParser/LOADING]: Considering mod file candidate 
[048月2026 10:40:04.218] [main/DEBUG] [net.minecraftforge.fml.loading.moddiscovery.ModFileInfo/LOADING]: Found valid mod file TRender-1.0.15-1.20.1-forge-SNAPSHOT.jar with {trender} mods - versions {1.0.15}
[048月2026 10:40:04.219] [main/DEBUG] [net.minecraftforge.fml.loading.moddiscovery.ModFileParser/LOADING]: Considering mod file candidate 
[048月2026 10:40:04.219] [main/DEBUG] [net.minecraftforge.fml.loading.moddiscovery.ModFileInfo/LOADING]: Found valid mod file spectrelib-forge-0.13.15+1.20.1.jar with {spectrelib} mods - versions {0.13.15+1.20.1}
[048月2026 10:40:04.220] [main/DEBUG] [net.minecraftforge.fml.loading.moddiscovery.ModFileParser/LOADING]: Considering mod file candidate 
[048月2026 10:40:04.221] [main/DEBUG] [net.minecraftforge.fml.loading.moddiscovery.ModFileInfo/LOADING]: Found valid mod file kuma-api-forge-20.1.12+1.20.1.jar with {kuma_api} mods - versions {20.1.12}
[048月2026 10:40:04.221] [main/INFO] [net.minecraftforge.fml.loading.moddiscovery.JarInJarDependencyLocator/]: Found 21 dependencies adding them to mods collection
[048月2026 10:40:04.224] [main/DEBUG] [net.minecraftforge.fml.loading.moddiscovery.ModFileParser/LOADING]: Considering mod file candidate D:\game\mc\.minecraft\versions\测试MOD\mods\[更好的动物动作] BetterAnimationsCollection-v8.0.1-1.20.1-Forge.jar
[048月2026 10:40:04.224] [main/DEBUG] [net.minecraftforge.fml.loading.moddiscovery.ModFileInfo/LOADING]: Found valid mod file [更好的动物动作] BetterAnimationsCollection-v8.0.1-1.20.1-Forge.jar with {betteranimationscollection} mods - versions {8.0.1}
[048月2026 10:40:04.225] [main/DEBUG] [net.minecraftforge.fml.loading.moddiscovery.ModFile/LOADING]: Loading mod file D:\game\mc\.minecraft\versions\测试MOD\mods\[更好的动物动作] BetterAnimationsCollection-v8.0.1-1.20.1-Forge.jar with languages [LanguageSpec[languageName=javafml, acceptedVersions=[47,)]]
[048月2026 10:40:04.225] [main/DEBUG] [net.minecraftforge.fml.loading.moddiscovery.ModFileParser/LOADING]: Considering mod file candidate 
[048月2026 10:40:04.225] [main/DEBUG] [net.minecraftforge.fml.loading.moddiscovery.ModFileInfo/LOADING]: Found valid mod file kuma-api-forge-20.1.12+1.20.1.jar with {kuma_api} mods - versions {20.1.12}
[048月2026 10:40:04.225] [main/DEBUG] [net.minecraftforge.fml.loading.moddiscovery.ModFile/LOADING]: Loading mod file  with languages [LanguageSpec[languageName=javafml, acceptedVersions=[47,)]]
[048月2026 10:40:04.225] [main/DEBUG] [net.minecraftforge.fml.loading.moddiscovery.ModFileParser/LOADING]: Considering mod file candidate D:\game\mc\.minecraft\versions\测试MOD\mods\[垃圾槽] trashslot-forge-1.20.1-15.1.5.jar
[048月2026 10:40:04.225] [main/DEBUG] [net.minecraftforge.fml.loading.moddiscovery.ModFileInfo/LOADING]: Found valid mod file [垃圾槽] trashslot-forge-1.20.1-15.1.5.jar with {trashslot} mods - versions {15.1.5}
[048月2026 10:40:04.226] [main/DEBUG] [net.minecraftforge.fml.loading.moddiscovery.ModFile/LOADING]: Loading mod file D:\game\mc\.minecraft\versions\测试MOD\mods\[垃圾槽] trashslot-forge-1.20.1-15.1.5.jar with languages [LanguageSpec[languageName=javafml, acceptedVersions=[46,)]]
[048月2026 10:40:04.226] [main/DEBUG] [net.minecraftforge.fml.loading.moddiscovery.ModFileParser/LOADING]: Considering mod file candidate D:\game\mc\.minecraft\versions\测试MOD\mods\ftb-library-forge-1902.4.2-build.700.jar
[048月2026 10:40:04.226] [main/DEBUG] [net.minecraftforge.fml.loading.moddiscovery.ModFileInfo/LOADING]: Found valid mod file ftb-library-forge-1902.4.2-build.700.jar with {ftblibrary} mods - versions {1902.4.2-build.700}
[048月2026 10:40:04.226] [main/DEBUG] [net.minecraftforge.fml.loading.moddiscovery.ModFile/LOADING]: Loading mod file D:\game\mc\.minecraft\versions\测试MOD\mods\ftb-library-forge-1902.4.2-build.700.jar with languages [LanguageSpec[languageName=javafml, acceptedVersions=[43,)]]
[048月2026 10:40:04.226] [main/DEBUG] [net.minecraftforge.fml.loading.moddiscovery.ModFileParser/LOADING]: Considering mod file candidate 
[048月2026 10:40:04.226] [main/DEBUG] [net.minecraftforge.fml.loading.moddiscovery.ModFileInfo/LOADING]: Found valid mod file gunsmithlib-forge-1.20.1-tacz1.1.8-6.0.0.jar with {gunsmithlib} mods - versions {6.0.0}
[048月2026 10:40:04.226] [main/DEBUG] [net.minecraftforge.fml.loading.moddiscovery.ModFile/LOADING]: Loading mod file  with languages [LanguageSpec[languageName=javafml, acceptedVersions=[47,)]]
[048月2026 10:40:04.226] [main/DEBUG] [net.minecraftforge.fml.loading.moddiscovery.ModFileParser/LOADING]: Considering mod file candidate D:\game\mc\.minecraft\versions\测试MOD\mods\geckolib-forge-1.20.1-4.8.4.jar
[048月2026 10:40:04.226] [main/DEBUG] [net.minecraftforge.fml.loading.moddiscovery.ModFileInfo/LOADING]: Found valid mod file geckolib-forge-1.20.1-4.8.4.jar with {geckolib} mods - versions {4.8.4}
[048月2026 10:40:04.226] [main/DEBUG] [net.minecraftforge.fml.loading.moddiscovery.ModFile/LOADING]: Loading mod file D:\game\mc\.minecraft\versions\测试MOD\mods\geckolib-forge-1.20.1-4.8.4.jar with languages [LanguageSpec[languageName=javafml, acceptedVersions=[47,)]]
[048月2026 10:40:04.226] [main/DEBUG] [net.minecraftforge.fml.loading.moddiscovery.ModFileParser/LOADING]: Considering mod file candidate D:\game\mc\.minecraft\versions\测试MOD\mods\[等价饰品] emcbaubles-1.3.1.jar
[048月2026 10:40:04.226] [main/DEBUG] [net.minecraftforge.fml.loading.moddiscovery.ModFileInfo/LOADING]: Found valid mod file [等价饰品] emcbaubles-1.3.1.jar with {emcbaubles} mods - versions {1.3}
[048月2026 10:40:04.226] [main/DEBUG] [net.minecraftforge.fml.loading.moddiscovery.ModFile/LOADING]: Loading mod file D:\game\mc\.minecraft\versions\测试MOD\mods\[等价饰品] emcbaubles-1.3.1.jar with languages [LanguageSpec[languageName=javafml, acceptedVersions=[47,)]]
[048月2026 10:40:04.226] [main/DEBUG] [net.minecraftforge.fml.loading.moddiscovery.ModFileParser/LOADING]: Considering mod file candidate D:\game\mc\.minecraft\versions\测试MOD\mods\[物品过滤器] item-filters-forge-2001.1.0-build.59.jar
[048月2026 10:40:04.226] [main/DEBUG] [net.minecraftforge.fml.loading.moddiscovery.ModFileInfo/LOADING]: Found valid mod file [物品过滤器] item-filters-forge-2001.1.0-build.59.jar with {itemfilters} mods - versions {2001.1.0-build.59}
[048月2026 10:40:04.226] [main/DEBUG] [net.minecraftforge.fml.loading.moddiscovery.ModFile/LOADING]: Loading mod file D:\game\mc\.minecraft\versions\测试MOD\mods\[物品过滤器] item-filters-forge-2001.1.0-build.59.jar with languages [LanguageSpec[languageName=javafml, acceptedVersions=[47,)]]
[048月2026 10:40:04.226] [main/DEBUG] [net.minecraftforge.fml.loading.moddiscovery.ModFileParser/LOADING]: Considering mod file candidate 
[048月2026 10:40:04.226] [main/DEBUG] [net.minecraftforge.fml.loading.moddiscovery.ModFileInfo/LOADING]: Found valid mod file xaerolib-forge-1.20.1-1.7.1.jar with {xaerolib} mods - versions {1.7.1}
[048月2026 10:40:04.226] [main/DEBUG] [net.minecraftforge.fml.loading.moddiscovery.ModFile/LOADING]: Loading mod file  with languages [LanguageSpec[languageName=javafml, acceptedVersions=[46,48)]]
[048月2026 10:40:04.226] [main/DEBUG] [net.minecraftforge.fml.loading.moddiscovery.ModFileParser/LOADING]: Considering mod file candidate D:\game\mc\.minecraft\versions\测试MOD\mods\[属性修复] AttributeFix-Forge-1.20.1-21.0.5.jar
[048月2026 10:40:04.226] [main/DEBUG] [net.minecraftforge.fml.loading.moddiscovery.ModFileInfo/LOADING]: Found valid mod file [属性修复] AttributeFix-Forge-1.20.1-21.0.5.jar with {attributefix} mods - versions {21.0.5}
[048月2026 10:40:04.226] [main/DEBUG] [net.minecraftforge.fml.loading.moddiscovery.ModFile/LOADING]: Loading mod file D:\game\mc\.minecraft\versions\测试MOD\mods\[属性修复] AttributeFix-Forge-1.20.1-21.0.5.jar with languages [LanguageSpec[languageName=javafml, acceptedVersions=[47,)]]
[048月2026 10:40:04.226] [main/DEBUG] [net.minecraftforge.fml.loading.moddiscovery.ModFileParser/LOADING]: Considering mod file candidate D:\game\mc\.minecraft\versions\测试MOD\mods\[永恒枪械工坊：零] tacz-1.20.1-1.1.8-hotfix.jar
[048月2026 10:40:04.227] [main/DEBUG] [net.minecraftforge.fml.loading.moddiscovery.ModFileInfo/LOADING]: Found valid mod file [永恒枪械工坊：零] tacz-1.20.1-1.1.8-hotfix.jar with {tacz} mods - versions {1.1.8-hotfix}
[048月2026 10:40:04.227] [main/DEBUG] [net.minecraftforge.fml.loading.moddiscovery.ModFile/LOADING]: Loading mod file D:\game\mc\.minecraft\versions\测试MOD\mods\[永恒枪械工坊：零] tacz-1.20.1-1.1.8-hotfix.jar with languages [LanguageSpec[languageName=javafml, acceptedVersions=[46,)]]
[048月2026 10:40:04.227] [main/DEBUG] [net.minecraftforge.fml.loading.moddiscovery.ModFileParser/LOADING]: Considering mod file candidate D:\game\mc\.minecraft\versions\测试MOD\mods\[神化：现代诸神黄昏] apotheosis_modern_ragnarok-forge-1.20.1-tacz1.1.8-7.0.0.jar
[048月2026 10:40:04.227] [main/DEBUG] [net.minecraftforge.fml.loading.moddiscovery.ModFileInfo/LOADING]: Found valid mod file [神化：现代诸神黄昏] apotheosis_modern_ragnarok-forge-1.20.1-tacz1.1.8-7.0.0.jar with {apotheosis_modern_ragnarok} mods - versions {7.0.0}
[048月2026 10:40:04.227] [main/DEBUG] [net.minecraftforge.fml.loading.moddiscovery.ModFile/LOADING]: Loading mod file D:\game\mc\.minecraft\versions\测试MOD\mods\[神化：现代诸神黄昏] apotheosis_modern_ragnarok-forge-1.20.1-tacz1.1.8-7.0.0.jar with languages [LanguageSpec[languageName=javafml, acceptedVersions=[47,)]]
[048月2026 10:40:04.227] [main/DEBUG] [net.minecraftforge.fml.loading.moddiscovery.ModFileParser/LOADING]: Considering mod file candidate 
[048月2026 10:40:04.227] [main/DEBUG] [net.minecraftforge.fml.loading.moddiscovery.ModFileInfo/LOADING]: Found valid mod file TRender-1.0.15-1.20.1-forge-SNAPSHOT.jar with {trender} mods - versions {1.0.15}
[048月2026 10:40:04.227] [main/DEBUG] [net.minecraftforge.fml.loading.moddiscovery.ModFile/LOADING]: Loading mod file  with languages [LanguageSpec[languageName=javafml, acceptedVersions=[28,)]]
[048月2026 10:40:04.227] [main/DEBUG] [net.minecraftforge.fml.loading.moddiscovery.ModFileParser/LOADING]: Considering mod file candidate D:\game\mc\.minecraft\versions\测试MOD\mods\[等价交换重制版] ProjectE-1.20.1-PE1.0.1.jar
[048月2026 10:40:04.227] [main/DEBUG] [net.minecraftforge.fml.loading.moddiscovery.ModFileInfo/LOADING]: Found valid mod file [等价交换重制版] ProjectE-1.20.1-PE1.0.1.jar with {projecte} mods - versions {1.0.1}
[048月2026 10:40:04.227] [main/DEBUG] [net.minecraftforge.fml.loading.moddiscovery.ModFile/LOADING]: Loading mod file D:\game\mc\.minecraft\versions\测试MOD\mods\[等价交换重制版] ProjectE-1.20.1-PE1.0.1.jar with languages [LanguageSpec[languageName=javafml, acceptedVersions=[47,)]]
[048月2026 10:40:04.227] [main/DEBUG] [net.minecraftforge.fml.loading.moddiscovery.ModFileParser/LOADING]: Considering mod file candidate D:\game\mc\.minecraft\versions\测试MOD\mods\[极简血量显示] Neat-1.20.1-41-FORGE.jar
[048月2026 10:40:04.227] [main/DEBUG] [net.minecraftforge.fml.loading.moddiscovery.ModFileInfo/LOADING]: Found valid mod file [极简血量显示] Neat-1.20.1-41-FORGE.jar with {neat} mods - versions {1.20.1-41-FORGE}
[048月2026 10:40:04.227] [main/DEBUG] [net.minecraftforge.fml.loading.moddiscovery.ModFile/LOADING]: Loading mod file D:\game\mc\.minecraft\versions\测试MOD\mods\[极简血量显示] Neat-1.20.1-41-FORGE.jar with languages [LanguageSpec[languageName=javafml, acceptedVersions=[45,)]]
[048月2026 10:40:04.227] [main/DEBUG] [net.minecraftforge.fml.loading.moddiscovery.ModFileParser/LOADING]: Considering mod file candidate D:\game\mc\.minecraft\versions\测试MOD\mods\[物理声效重制版] sound-physics-remastered-forge-1.20.1-1.5.1.jar
[048月2026 10:40:04.228] [main/DEBUG] [net.minecraftforge.fml.loading.moddiscovery.ModFileInfo/LOADING]: Found valid mod file [物理声效重制版] sound-physics-remastered-forge-1.20.1-1.5.1.jar with {sound_physics_remastered} mods - versions {1.20.1-1.5.1}
[048月2026 10:40:04.228] [main/DEBUG] [net.minecraftforge.fml.loading.moddiscovery.ModFile/LOADING]: Loading mod file D:\game\mc\.minecraft\versions\测试MOD\mods\[物理声效重制版] sound-physics-remastered-forge-1.20.1-1.5.1.jar with languages [LanguageSpec[languageName=javafml, acceptedVersions=*]]
[048月2026 10:40:04.228] [main/DEBUG] [net.minecraftforge.fml.loading.moddiscovery.ModFileParser/LOADING]: Considering mod file candidate D:\game\mc\.minecraft\versions\测试MOD\mods\[免税附魔] TaxFreeLevels-1.4.23-forge-1.20.1.jar
[048月2026 10:40:04.228] [main/DEBUG] [net.minecraftforge.fml.loading.moddiscovery.ModFileInfo/LOADING]: Found valid mod file [免税附魔] TaxFreeLevels-1.4.23-forge-1.20.1.jar with {taxfreelevels} mods - versions {1.4.23}
[048月2026 10:40:04.228] [main/DEBUG] [net.minecraftforge.fml.loading.moddiscovery.ModFile/LOADING]: Loading mod file D:\game\mc\.minecraft\versions\测试MOD\mods\[免税附魔] TaxFreeLevels-1.4.23-forge-1.20.1.jar with languages [LanguageSpec[languageName=javafml, acceptedVersions=[43,)]]
[048月2026 10:40:04.228] [main/DEBUG] [net.minecraftforge.fml.loading.moddiscovery.ModFileParser/LOADING]: Considering mod file candidate D:\game\mc\.minecraft\versions\测试MOD\mods\[经验机制改革] Clumps-forge-1.20.1-12.0.0.4.jar
[048月2026 10:40:04.228] [main/DEBUG] [net.minecraftforge.fml.loading.moddiscovery.ModFileInfo/LOADING]: Found valid mod file [经验机制改革] Clumps-forge-1.20.1-12.0.0.4.jar with {clumps} mods - versions {12.0.0.4}
[048月2026 10:40:04.228] [main/DEBUG] [net.minecraftforge.fml.loading.moddiscovery.ModFile/LOADING]: Loading mod file D:\game\mc\.minecraft\versions\测试MOD\mods\[经验机制改革] Clumps-forge-1.20.1-12.0.0.4.jar with languages [LanguageSpec[languageName=javafml, acceptedVersions=[41,)]]
[048月2026 10:40:04.228] [main/DEBUG] [net.minecraftforge.fml.loading.moddiscovery.ModFileParser/LOADING]: Considering mod file candidate D:\game\mc\.minecraft\versions\测试MOD\mods\[Xaero的世界地图] xaeroworldmap-forge-1.20.1-1.44.2.jar
[048月2026 10:40:04.228] [main/DEBUG] [net.minecraftforge.fml.loading.moddiscovery.ModFileInfo/LOADING]: Found valid mod file [Xaero的世界地图] xaeroworldmap-forge-1.20.1-1.44.2.jar with {xaeroworldmap} mods - versions {1.44.2}
[048月2026 10:40:04.228] [main/DEBUG] [net.minecraftforge.fml.loading.moddiscovery.ModFile/LOADING]: Loading mod file D:\game\mc\.minecraft\versions\测试MOD\mods\[Xaero的世界地图] xaeroworldmap-forge-1.20.1-1.44.2.jar with languages [LanguageSpec[languageName=javafml, acceptedVersions=[46,48)]]
[048月2026 10:40:04.230] [main/DEBUG] [net.minecraftforge.fml.loading.moddiscovery.ModFileParser/LOADING]: Found coremod xaeroworldmap_core with Javascript path META-INF/xaeroworldmap_core.js
[048月2026 10:40:04.230] [main/DEBUG] [net.minecraftforge.fml.loading.moddiscovery.ModFile/LOADING]: Found coremod META-INF/xaeroworldmap_core.js
[048月2026 10:40:04.230] [main/DEBUG] [net.minecraftforge.fml.loading.moddiscovery.ModFileParser/LOADING]: Considering mod file candidate D:\game\mc\.minecraft\versions\测试MOD\mods\[键位冲突显示] Controlling-forge-1.20.1-12.0.2.jar
[048月2026 10:40:04.230] [main/DEBUG] [net.minecraftforge.fml.loading.moddiscovery.ModFileInfo/LOADING]: Found valid mod file [键位冲突显示] Controlling-forge-1.20.1-12.0.2.jar with {controlling} mods - versions {12.0.2}
[048月2026 10:40:04.230] [main/DEBUG] [net.minecraftforge.fml.loading.moddiscovery.ModFile/LOADING]: Loading mod file D:\game\mc\.minecraft\versions\测试MOD\mods\[键位冲突显示] Controlling-forge-1.20.1-12.0.2.jar with languages [LanguageSpec[languageName=javafml, acceptedVersions=[41,)]]
[048月2026 10:40:04.230] [main/DEBUG] [net.minecraftforge.fml.loading.moddiscovery.ModFileParser/LOADING]: Considering mod file candidate D:\game\mc\.minecraft\versions\测试MOD\mods\[Asteor的状态栏和血量显示] asteorbar-forge-1.20.1-1.5.3.jar
[048月2026 10:40:04.230] [main/DEBUG] [net.minecraftforge.fml.loading.moddiscovery.ModFileInfo/LOADING]: Found valid mod file [Asteor的状态栏和血量显示] asteorbar-forge-1.20.1-1.5.3.jar with {asteorbar} mods - versions {1.5.3}
[048月2026 10:40:04.230] [main/DEBUG] [net.minecraftforge.fml.loading.moddiscovery.ModFile/LOADING]: Loading mod file D:\game\mc\.minecraft\versions\测试MOD\mods\[Asteor的状态栏和血量显示] asteorbar-forge-1.20.1-1.5.3.jar with languages [LanguageSpec[languageName=javafml, acceptedVersions=[47,)]]
[048月2026 10:40:04.230] [main/DEBUG] [net.minecraftforge.fml.loading.moddiscovery.ModFileParser/LOADING]: Considering mod file candidate D:\game\mc\.minecraft\versions\测试MOD\mods\[现代化修复] modernfix-forge-5.27.66+mc1.20.1.jar
[048月2026 10:40:04.230] [main/DEBUG] [net.minecraftforge.fml.loading.moddiscovery.ModFileInfo/LOADING]: Found valid mod file [现代化修复] modernfix-forge-5.27.66+mc1.20.1.jar with {modernfix} mods - versions {5.27.66+mc1.20.1}
[048月2026 10:40:04.230] [main/DEBUG] [net.minecraftforge.fml.loading.moddiscovery.ModFile/LOADING]: Loading mod file D:\game\mc\.minecraft\versions\测试MOD\mods\[现代化修复] modernfix-forge-5.27.66+mc1.20.1.jar with languages [LanguageSpec[languageName=javafml, acceptedVersions=[46,)]]
[048月2026 10:40:04.232] [main/DEBUG] [net.minecraftforge.fml.loading.moddiscovery.ModFileParser/LOADING]: Considering mod file candidate D:\game\mc\.minecraft\versions\测试MOD\mods\citadel-2.6.3-1.20.1.jar
[048月2026 10:40:04.232] [main/DEBUG] [net.minecraftforge.fml.loading.moddiscovery.ModFileInfo/LOADING]: Found valid mod file citadel-2.6.3-1.20.1.jar with {citadel} mods - versions {2.6.3}
[048月2026 10:40:04.232] [main/DEBUG] [net.minecraftforge.fml.loading.moddiscovery.ModFile/LOADING]: Loading mod file D:\game\mc\.minecraft\versions\测试MOD\mods\citadel-2.6.3-1.20.1.jar with languages [LanguageSpec[languageName=javafml, acceptedVersions=[47,)]]
[048月2026 10:40:04.232] [main/DEBUG] [net.minecraftforge.fml.loading.moddiscovery.ModFileParser/LOADING]: Considering mod file candidate D:\game\mc\.minecraft\versions\测试MOD\mods\Placebo-1.20.1-8.6.3.jar
[048月2026 10:40:04.232] [main/DEBUG] [net.minecraftforge.fml.loading.moddiscovery.ModFileInfo/LOADING]: Found valid mod file Placebo-1.20.1-8.6.3.jar with {placebo} mods - versions {8.6.3}
[048月2026 10:40:04.232] [main/DEBUG] [net.minecraftforge.fml.loading.moddiscovery.ModFile/LOADING]: Loading mod file D:\game\mc\.minecraft\versions\测试MOD\mods\Placebo-1.20.1-8.6.3.jar with languages [LanguageSpec[languageName=javafml, acceptedVersions=[32,)]]
[048月2026 10:40:04.232] [main/DEBUG] [net.minecraftforge.fml.loading.moddiscovery.ModFileParser/LOADING]: Found coremod placebo_get_ench_level_event with Javascript path coremods/get_ench_level_event.js
[048月2026 10:40:04.232] [main/DEBUG] [net.minecraftforge.fml.loading.moddiscovery.ModFileParser/LOADING]: Found coremod placebo_get_ench_level_event_specific with Javascript path coremods/get_ench_level_event_specific.js
[048月2026 10:40:04.232] [main/DEBUG] [net.minecraftforge.fml.loading.moddiscovery.ModFile/LOADING]: Found coremod coremods/get_ench_level_event.js
[048月2026 10:40:04.232] [main/DEBUG] [net.minecraftforge.fml.loading.moddiscovery.ModFile/LOADING]: Found coremod coremods/get_ench_level_event_specific.js
[048月2026 10:40:04.232] [main/DEBUG] [net.minecraftforge.fml.loading.moddiscovery.ModFileParser/LOADING]: Considering mod file candidate D:\game\mc\.minecraft\versions\测试MOD\mods\[自然罗盘／生物群系指南针] NaturesCompass-1.20.1-1.12.0-forge.jar
[048月2026 10:40:04.232] [main/DEBUG] [net.minecraftforge.fml.loading.moddiscovery.ModFileInfo/LOADING]: Found valid mod file [自然罗盘／生物群系指南针] NaturesCompass-1.20.1-1.12.0-forge.jar with {naturescompass} mods - versions {1.20.1-1.12.0-forge}
[048月2026 10:40:04.232] [main/DEBUG] [net.minecraftforge.fml.loading.moddiscovery.ModFile/LOADING]: Loading mod file D:\game\mc\.minecraft\versions\测试MOD\mods\[自然罗盘／生物群系指南针] NaturesCompass-1.20.1-1.12.0-forge.jar with languages [LanguageSpec[languageName=javafml, acceptedVersions=[47,)]]
[048月2026 10:40:04.232] [main/DEBUG] [net.minecraftforge.fml.loading.moddiscovery.ModFileParser/LOADING]: Considering mod file candidate D:\game\mc\.minecraft\versions\测试MOD\mods\MaxHealthFix-Forge-1.20.1-12.0.4.jar
[048月2026 10:40:04.232] [main/DEBUG] [net.minecraftforge.fml.loading.moddiscovery.ModFileInfo/LOADING]: Found valid mod file MaxHealthFix-Forge-1.20.1-12.0.4.jar with {maxhealthfix} mods - versions {12.0.4}
[048月2026 10:40:04.232] [main/DEBUG] [net.minecraftforge.fml.loading.moddiscovery.ModFile/LOADING]: Loading mod file D:\game\mc\.minecraft\versions\测试MOD\mods\MaxHealthFix-Forge-1.20.1-12.0.4.jar with languages [LanguageSpec[languageName=javafml, acceptedVersions=[47,)]]
[048月2026 10:40:04.232] [main/DEBUG] [net.minecraftforge.fml.loading.moddiscovery.ModFileParser/LOADING]: Considering mod file candidate D:\game\mc\.minecraft\versions\测试MOD\mods\[神化] Apotheosis-1.20.1-7.4.8.jar
[048月2026 10:40:04.232] [main/DEBUG] [net.minecraftforge.fml.loading.moddiscovery.ModFileInfo/LOADING]: Found valid mod file [神化] Apotheosis-1.20.1-7.4.8.jar with {apotheosis} mods - versions {7.4.8}
[048月2026 10:40:04.232] [main/DEBUG] [net.minecraftforge.fml.loading.moddiscovery.ModFile/LOADING]: Loading mod file D:\game\mc\.minecraft\versions\测试MOD\mods\[神化] Apotheosis-1.20.1-7.4.8.jar with languages [LanguageSpec[languageName=javafml, acceptedVersions=[32,)]]
[048月2026 10:40:04.232] [main/DEBUG] [net.minecraftforge.fml.loading.moddiscovery.ModFileParser/LOADING]: Found coremod apotheosis_ench/ench_info_loot_redirector with Javascript path coremods/ench/ench_info_loot_redirector.js
[048月2026 10:40:04.232] [main/DEBUG] [net.minecraftforge.fml.loading.moddiscovery.ModFileParser/LOADING]: Found coremod apotheosis_ench/ench_info_redirector with Javascript path coremods/ench/ench_info_redirector.js
[048月2026 10:40:04.232] [main/DEBUG] [net.minecraftforge.fml.loading.moddiscovery.ModFileParser/LOADING]: Found coremod apotheosis_ench/fishing_hook with Javascript path coremods/ench/fishing_hook.js
[048月2026 10:40:04.232] [main/DEBUG] [net.minecraftforge.fml.loading.moddiscovery.ModFile/LOADING]: Found coremod coremods/ench/ench_info_loot_redirector.js
[048月2026 10:40:04.232] [main/DEBUG] [net.minecraftforge.fml.loading.moddiscovery.ModFile/LOADING]: Found coremod coremods/ench/ench_info_redirector.js
[048月2026 10:40:04.232] [main/DEBUG] [net.minecraftforge.fml.loading.moddiscovery.ModFile/LOADING]: Found coremod coremods/ench/fishing_hook.js
[048月2026 10:40:04.232] [main/DEBUG] [net.minecraftforge.fml.loading.moddiscovery.ModFileParser/LOADING]: Considering mod file candidate D:\game\mc\.minecraft\versions\测试MOD\mods\Tweakerge-0.1.5-mc1.20.1.jar
[048月2026 10:40:04.233] [main/DEBUG] [net.minecraftforge.fml.loading.moddiscovery.ModFileInfo/LOADING]: Found valid mod file Tweakerge-0.1.5-mc1.20.1.jar with {tweakerge} mods - versions {0.1.5-mc1.20.1}
[048月2026 10:40:04.233] [main/DEBUG] [net.minecraftforge.fml.loading.moddiscovery.ModFile/LOADING]: Loading mod file D:\game\mc\.minecraft\versions\测试MOD\mods\Tweakerge-0.1.5-mc1.20.1.jar with languages [LanguageSpec[languageName=javafml, acceptedVersions=[46,)]]
[048月2026 10:40:04.233] [main/DEBUG] [net.minecraftforge.fml.loading.moddiscovery.ModFileParser/LOADING]: Considering mod file candidate D:\game\mc\.minecraft\versions\测试MOD\mods\[探险者指南针] ExplorersCompass-1.20.1-1.4.0-forge.jar
[048月2026 10:40:04.233] [main/DEBUG] [net.minecraftforge.fml.loading.moddiscovery.ModFileInfo/LOADING]: Found valid mod file [探险者指南针] ExplorersCompass-1.20.1-1.4.0-forge.jar with {explorerscompass} mods - versions {1.20.1-1.4.0-forge}
[048月2026 10:40:04.233] [main/DEBUG] [net.minecraftforge.fml.loading.moddiscovery.ModFile/LOADING]: Loading mod file D:\game\mc\.minecraft\versions\测试MOD\mods\[探险者指南针] ExplorersCompass-1.20.1-1.4.0-forge.jar with languages [LanguageSpec[languageName=javafml, acceptedVersions=[47,)]]
[048月2026 10:40:04.233] [main/DEBUG] [net.minecraftforge.fml.loading.moddiscovery.ModFileParser/LOADING]: Considering mod file candidate D:\game\mc\.minecraft\versions\测试MOD\mods\[模组目录] catalogue-forge-1.20.1-1.8.0.jar
[048月2026 10:40:04.233] [main/DEBUG] [net.minecraftforge.fml.loading.moddiscovery.ModFileInfo/LOADING]: Found valid mod file [模组目录] catalogue-forge-1.20.1-1.8.0.jar with {catalogue} mods - versions {1.8.0}
[048月2026 10:40:04.233] [main/DEBUG] [net.minecraftforge.fml.loading.moddiscovery.ModFile/LOADING]: Loading mod file D:\game\mc\.minecraft\versions\测试MOD\mods\[模组目录] catalogue-forge-1.20.1-1.8.0.jar with languages [LanguageSpec[languageName=javafml, acceptedVersions=[39,)]]
[048月2026 10:40:04.233] [main/DEBUG] [net.minecraftforge.fml.loading.moddiscovery.ModFileParser/LOADING]: Considering mod file candidate D:\game\mc\.minecraft\versions\测试MOD\mods\[等价兼容] ProjectE_Integration-1.20.1-7.2.5.jar
[048月2026 10:40:04.233] [main/DEBUG] [net.minecraftforge.fml.loading.moddiscovery.ModFileInfo/LOADING]: Found valid mod file [等价兼容] ProjectE_Integration-1.20.1-7.2.5.jar with {projecteintegration} mods - versions {7.2.5}
[048月2026 10:40:04.233] [main/DEBUG] [net.minecraftforge.fml.loading.moddiscovery.ModFile/LOADING]: Loading mod file D:\game\mc\.minecraft\versions\测试MOD\mods\[等价兼容] ProjectE_Integration-1.20.1-7.2.5.jar with languages [LanguageSpec[languageName=javafml, acceptedVersions=[47,)]]
[048月2026 10:40:04.233] [main/DEBUG] [net.minecraftforge.fml.loading.moddiscovery.ModFileParser/LOADING]: Considering mod file candidate D:\game\mc\.minecraft\versions\测试MOD\mods\balm-forge-1.20.1-7.3.42.jar
[048月2026 10:40:04.233] [main/DEBUG] [net.minecraftforge.fml.loading.moddiscovery.ModFileInfo/LOADING]: Found valid mod file balm-forge-1.20.1-7.3.42.jar with {balm} mods - versions {7.3.42}
[048月2026 10:40:04.233] [main/DEBUG] [net.minecraftforge.fml.loading.moddiscovery.ModFile/LOADING]: Loading mod file D:\game\mc\.minecraft\versions\测试MOD\mods\balm-forge-1.20.1-7.3.42.jar with languages [LanguageSpec[languageName=javafml, acceptedVersions=[46,)]]
[048月2026 10:40:04.233] [main/DEBUG] [net.minecraftforge.fml.loading.moddiscovery.ModFileParser/LOADING]: Considering mod file candidate D:\game\mc\.minecraft\versions\测试MOD\mods\[内存泄漏修复] memoryleakfix-forge-1.17+-1.1.5.jar
[048月2026 10:40:04.234] [main/DEBUG] [net.minecraftforge.fml.loading.moddiscovery.ModFileInfo/LOADING]: Found valid mod file [内存泄漏修复] memoryleakfix-forge-1.17+-1.1.5.jar with {memoryleakfix} mods - versions {1.1.5}
[048月2026 10:40:04.234] [main/DEBUG] [net.minecraftforge.fml.loading.moddiscovery.ModFile/LOADING]: Loading mod file D:\game\mc\.minecraft\versions\测试MOD\mods\[内存泄漏修复] memoryleakfix-forge-1.17+-1.1.5.jar with languages [LanguageSpec[languageName=javafml, acceptedVersions=*]]
[048月2026 10:40:04.234] [main/DEBUG] [net.minecraftforge.fml.loading.moddiscovery.ModFileParser/LOADING]: Considering mod file candidate D:\game\mc\.minecraft\versions\测试MOD\mods\sodiumoptionsapi-forge-1.0.10-1.20.1.jar
[048月2026 10:40:04.234] [main/DEBUG] [net.minecraftforge.fml.loading.moddiscovery.ModFileInfo/LOADING]: Found valid mod file sodiumoptionsapi-forge-1.0.10-1.20.1.jar with {sodiumoptionsapi} mods - versions {1.0.10}
[048月2026 10:40:04.234] [main/DEBUG] [net.minecraftforge.fml.loading.moddiscovery.ModFile/LOADING]: Loading mod file D:\game\mc\.minecraft\versions\测试MOD\mods\sodiumoptionsapi-forge-1.0.10-1.20.1.jar with languages [LanguageSpec[languageName=javafml, acceptedVersions=[1,)]]
[048月2026 10:40:04.234] [main/DEBUG] [net.minecraftforge.fml.loading.moddiscovery.ModFileParser/LOADING]: Considering mod file candidate 
[048月2026 10:40:04.234] [main/DEBUG] [net.minecraftforge.fml.loading.moddiscovery.ModFileInfo/LOADING]: Found valid mod file puzzlesaccessapi-forge-20.1.1.jar with {puzzlesaccessapi} mods - versions {20.1.1}
[048月2026 10:40:04.234] [main/DEBUG] [net.minecraftforge.fml.loading.moddiscovery.ModFile/LOADING]: Loading mod file  with languages [LanguageSpec[languageName=javafml, acceptedVersions=*]]
[048月2026 10:40:04.234] [main/DEBUG] [net.minecraftforge.fml.loading.moddiscovery.ModFileParser/LOADING]: Considering mod file candidate D:\game\mc\.minecraft\versions\测试MOD\mods\cloth-config-11.1.136-forge.jar
[048月2026 10:40:04.234] [main/DEBUG] [net.minecraftforge.fml.loading.moddiscovery.ModFileInfo/LOADING]: Found valid mod file cloth-config-11.1.136-forge.jar with {cloth_config} mods - versions {11.1.136}
[048月2026 10:40:04.234] [main/DEBUG] [net.minecraftforge.fml.loading.moddiscovery.ModFile/LOADING]: Loading mod file D:\game\mc\.minecraft\versions\测试MOD\mods\cloth-config-11.1.136-forge.jar with languages [LanguageSpec[languageName=javafml, acceptedVersions=[34,)]]
[048月2026 10:40:04.234] [main/DEBUG] [net.minecraftforge.fml.loading.moddiscovery.ModFileParser/LOADING]: Considering mod file candidate D:\game\mc\.minecraft\versions\测试MOD\mods\ftb-teams-forge-1902.2.14-build.165.jar
[048月2026 10:40:04.234] [main/DEBUG] [net.minecraftforge.fml.loading.moddiscovery.ModFileInfo/LOADING]: Found valid mod file ftb-teams-forge-1902.2.14-build.165.jar with {ftbteams} mods - versions {1902.2.14-build.165}
[048月2026 10:40:04.234] [main/DEBUG] [net.minecraftforge.fml.loading.moddiscovery.ModFile/LOADING]: Loading mod file D:\game\mc\.minecraft\versions\测试MOD\mods\ftb-teams-forge-1902.2.14-build.165.jar with languages [LanguageSpec[languageName=javafml, acceptedVersions=[43,)]]
[048月2026 10:40:04.234] [main/DEBUG] [net.minecraftforge.fml.loading.moddiscovery.ModFileParser/LOADING]: Considering mod file candidate D:\game\mc\.minecraft\versions\测试MOD\mods\[全键无冲] NonConflictKeys-Forge-1.19.X-1.20-1.0.0.jar
[048月2026 10:40:04.234] [main/DEBUG] [net.minecraftforge.fml.loading.moddiscovery.ModFileInfo/LOADING]: Found valid mod file [全键无冲] NonConflictKeys-Forge-1.19.X-1.20-1.0.0.jar with {nckey} mods - versions {1.0.0}
[048月2026 10:40:04.234] [main/DEBUG] [net.minecraftforge.fml.loading.moddiscovery.ModFile/LOADING]: Loading mod file D:\game\mc\.minecraft\versions\测试MOD\mods\[全键无冲] NonConflictKeys-Forge-1.19.X-1.20-1.0.0.jar with languages [LanguageSpec[languageName=javafml, acceptedVersions=[38,)]]
[048月2026 10:40:04.234] [main/DEBUG] [net.minecraftforge.fml.loading.moddiscovery.ModFileParser/LOADING]: Considering mod file candidate D:\game\mc\.minecraft\libraries\net\minecraftforge\forge\1.20.1-47.4.20\forge-1.20.1-47.4.20-universal.jar
[048月2026 10:40:04.235] [main/DEBUG] [net.minecraftforge.fml.loading.moddiscovery.ModFileInfo/LOADING]: Found valid mod file forge-1.20.1-47.4.20-universal.jar with {forge} mods - versions {47.4.20}
[048月2026 10:40:04.235] [main/DEBUG] [net.minecraftforge.fml.loading.moddiscovery.ModFile/LOADING]: Loading mod file D:\game\mc\.minecraft\libraries\net\minecraftforge\forge\1.20.1-47.4.20\forge-1.20.1-47.4.20-universal.jar with languages [LanguageSpec[languageName=javafml, acceptedVersions=[24,]]]
[048月2026 10:40:04.235] [main/DEBUG] [net.minecraftforge.fml.loading.moddiscovery.ModFileParser/LOADING]: Found coremod field_to_method with Javascript path coremods/field_to_method.js
[048月2026 10:40:04.235] [main/DEBUG] [net.minecraftforge.fml.loading.moddiscovery.ModFileParser/LOADING]: Found coremod field_to_instanceof with Javascript path coremods/field_to_instanceof.js
[048月2026 10:40:04.235] [main/DEBUG] [net.minecraftforge.fml.loading.moddiscovery.ModFileParser/LOADING]: Found coremod add_bouncer_method with Javascript path coremods/add_bouncer_method.js
[048月2026 10:40:04.235] [main/DEBUG] [net.minecraftforge.fml.loading.moddiscovery.ModFileParser/LOADING]: Found coremod method_redirector with Javascript path coremods/method_redirector.js
[048月2026 10:40:04.235] [main/DEBUG] [net.minecraftforge.fml.loading.moddiscovery.ModFile/LOADING]: Found coremod coremods/field_to_method.js
[048月2026 10:40:04.235] [main/DEBUG] [net.minecraftforge.fml.loading.moddiscovery.ModFile/LOADING]: Found coremod coremods/field_to_instanceof.js
[048月2026 10:40:04.235] [main/DEBUG] [net.minecraftforge.fml.loading.moddiscovery.ModFile/LOADING]: Found coremod coremods/add_bouncer_method.js
[048月2026 10:40:04.235] [main/DEBUG] [net.minecraftforge.fml.loading.moddiscovery.ModFile/LOADING]: Found coremod coremods/method_redirector.js
[048月2026 10:40:04.235] [main/DEBUG] [net.minecraftforge.fml.loading.moddiscovery.ModFileParser/LOADING]: Considering mod file candidate D:\game\mc\.minecraft\versions\测试MOD\mods\[试验假人] dummmmmmy-1.20-2.0.12-forge.jar
[048月2026 10:40:04.235] [main/DEBUG] [net.minecraftforge.fml.loading.moddiscovery.ModFileInfo/LOADING]: Found valid mod file [试验假人] dummmmmmy-1.20-2.0.12-forge.jar with {dummmmmmy} mods - versions {1.20-2.0.11}
[048月2026 10:40:04.235] [main/DEBUG] [net.minecraftforge.fml.loading.moddiscovery.ModFile/LOADING]: Loading mod file D:\game\mc\.minecraft\versions\测试MOD\mods\[试验假人] dummmmmmy-1.20-2.0.12-forge.jar with languages [LanguageSpec[languageName=javafml, acceptedVersions=[4,)]]
[048月2026 10:40:04.235] [main/DEBUG] [net.minecraftforge.fml.loading.moddiscovery.ModFileParser/LOADING]: Considering mod file candidate D:\game\mc\.minecraft\versions\测试MOD\mods\embeddium-0.3.31+mc1.20.1.jar
[048月2026 10:40:04.235] [main/DEBUG] [net.minecraftforge.fml.loading.moddiscovery.ModFileInfo/LOADING]: Found valid mod file embeddium-0.3.31+mc1.20.1.jar with {embeddium,rubidium} mods - versions {0.3.31+mc1.20.1,0.7.1}
[048月2026 10:40:04.235] [main/DEBUG] [net.minecraftforge.fml.loading.moddiscovery.ModFile/LOADING]: Loading mod file D:\game\mc\.minecraft\versions\测试MOD\mods\embeddium-0.3.31+mc1.20.1.jar with languages [LanguageSpec[languageName=javafml, acceptedVersions=[47,)]]
[048月2026 10:40:04.235] [main/DEBUG] [net.minecraftforge.fml.loading.moddiscovery.ModFileParser/LOADING]: Considering mod file candidate D:\game\mc\.minecraft\versions\测试MOD\mods\monsterwaves-0.1.0.jar
[048月2026 10:40:04.235] [main/DEBUG] [net.minecraftforge.fml.loading.moddiscovery.ModFileInfo/LOADING]: Found valid mod file monsterwaves-0.1.0.jar with {monsterwaves} mods - versions {0.1.0}
[048月2026 10:40:04.236] [main/DEBUG] [net.minecraftforge.fml.loading.moddiscovery.ModFile/LOADING]: Loading mod file D:\game\mc\.minecraft\versions\测试MOD\mods\monsterwaves-0.1.0.jar with languages [LanguageSpec[languageName=javafml, acceptedVersions=[47,)]]
[048月2026 10:40:04.236] [main/DEBUG] [net.minecraftforge.fml.loading.moddiscovery.ModFileParser/LOADING]: Considering mod file candidate D:\game\mc\.minecraft\versions\测试MOD\mods\emi-1.1.24+1.20.1+forge.jar
[048月2026 10:40:04.236] [main/DEBUG] [net.minecraftforge.fml.loading.moddiscovery.ModFileInfo/LOADING]: Found valid mod file emi-1.1.24+1.20.1+forge.jar with {emi} mods - versions {1.1.24+1.20.1+forge}
[048月2026 10:40:04.236] [main/DEBUG] [net.minecraftforge.fml.loading.moddiscovery.ModFile/LOADING]: Loading mod file D:\game\mc\.minecraft\versions\测试MOD\mods\emi-1.1.24+1.20.1+forge.jar with languages [LanguageSpec[languageName=javafml, acceptedVersions=[40,)]]
[048月2026 10:40:04.236] [main/DEBUG] [net.minecraftforge.fml.loading.moddiscovery.ModFileInfo/LOADING]: Found valid mod file client-1.20.1-20230612.114412-srg.jar with {minecraft} mods - versions {1.20.1}
[048月2026 10:40:04.236] [main/DEBUG] [net.minecraftforge.fml.loading.moddiscovery.ModFile/LOADING]: Loading mod file D:\game\mc\.minecraft\libraries\net\minecraft\client\1.20.1-20230612.114412\client-1.20.1-20230612.114412-srg.jar with languages [LanguageSpec[languageName=minecraft, acceptedVersions=1]]
[048月2026 10:40:04.236] [main/DEBUG] [net.minecraftforge.fml.loading.moddiscovery.ModFileParser/LOADING]: Considering mod file candidate 
[048月2026 10:40:04.236] [main/DEBUG] [net.minecraftforge.fml.loading.moddiscovery.ModFileInfo/LOADING]: Found valid mod file fabric-api-base-0.4.31+ef105b4977.jar with {fabric_api_base} mods - versions {0.4.31+ef105b4977}
[048月2026 10:40:04.236] [main/DEBUG] [net.minecraftforge.fml.loading.moddiscovery.ModFile/LOADING]: Loading mod file  with languages [LanguageSpec[languageName=javafml, acceptedVersions=[47,)]]
[048月2026 10:40:04.236] [main/DEBUG] [net.minecraftforge.fml.loading.moddiscovery.ModFileParser/LOADING]: Considering mod file candidate D:\game\mc\.minecraft\versions\测试MOD\mods\moonlight-1.20-2.16.34-forge.jar
[048月2026 10:40:04.236] [main/DEBUG] [net.minecraftforge.fml.loading.moddiscovery.ModFileInfo/LOADING]: Found valid mod file moonlight-1.20-2.16.34-forge.jar with {moonlight} mods - versions {1.20-2.16.34}
[048月2026 10:40:04.236] [main/DEBUG] [net.minecraftforge.fml.loading.moddiscovery.ModFile/LOADING]: Loading mod file D:\game\mc\.minecraft\versions\测试MOD\mods\moonlight-1.20-2.16.34-forge.jar with languages [LanguageSpec[languageName=javafml, acceptedVersions=[40,)]]
[048月2026 10:40:04.236] [main/DEBUG] [net.minecraftforge.fml.loading.moddiscovery.ModFileParser/LOADING]: Considering mod file candidate D:\game\mc\.minecraft\versions\测试MOD\mods\[鼠标手势] MouseTweaks-forge-mc1.20.1-2.25.1.jar
[048月2026 10:40:04.236] [main/DEBUG] [net.minecraftforge.fml.loading.moddiscovery.ModFileInfo/LOADING]: Found valid mod file [鼠标手势] MouseTweaks-forge-mc1.20.1-2.25.1.jar with {mousetweaks} mods - versions {2.25.1}
[048月2026 10:40:04.236] [main/DEBUG] [net.minecraftforge.fml.loading.moddiscovery.ModFile/LOADING]: Loading mod file D:\game\mc\.minecraft\versions\测试MOD\mods\[鼠标手势] MouseTweaks-forge-mc1.20.1-2.25.1.jar with languages [LanguageSpec[languageName=javafml, acceptedVersions=[46,)]]
[048月2026 10:40:04.236] [main/DEBUG] [net.minecraftforge.fml.loading.moddiscovery.ModFileParser/LOADING]: Considering mod file candidate D:\game\mc\.minecraft\versions\测试MOD\mods\ftb-quests-forge-1902.5.10-build.497.jar
[048月2026 10:40:04.237] [main/DEBUG] [net.minecraftforge.fml.loading.moddiscovery.ModFileInfo/LOADING]: Found valid mod file ftb-quests-forge-1902.5.10-build.497.jar with {ftbquests} mods - versions {1902.5.10-build.497}
[048月2026 10:40:04.237] [main/DEBUG] [net.minecraftforge.fml.loading.moddiscovery.ModFile/LOADING]: Loading mod file D:\game\mc\.minecraft\versions\测试MOD\mods\ftb-quests-forge-1902.5.10-build.497.jar with languages [LanguageSpec[languageName=javafml, acceptedVersions=[43,)]]
[048月2026 10:40:04.237] [main/DEBUG] [net.minecraftforge.fml.loading.moddiscovery.ModFileParser/LOADING]: Considering mod file candidate D:\game\mc\.minecraft\versions\测试MOD\mods\silent-lib-1.20.1-8.0.0.jar
[048月2026 10:40:04.237] [main/DEBUG] [net.minecraftforge.fml.loading.moddiscovery.ModFileInfo/LOADING]: Found valid mod file silent-lib-1.20.1-8.0.0.jar with {silentlib} mods - versions {8.0.0}
[048月2026 10:40:04.237] [main/DEBUG] [net.minecraftforge.fml.loading.moddiscovery.ModFile/LOADING]: Loading mod file D:\game\mc\.minecraft\versions\测试MOD\mods\silent-lib-1.20.1-8.0.0.jar with languages [LanguageSpec[languageName=javafml, acceptedVersions=[46,)]]
[048月2026 10:40:04.237] [main/DEBUG] [net.minecraftforge.fml.loading.moddiscovery.ModFileParser/LOADING]: Considering mod file candidate D:\game\mc\.minecraft\versions\测试MOD\mods\[GD656击杀图标] gd656killicon-1.1.2-1.20.1-forge.jar
[048月2026 10:40:04.237] [main/DEBUG] [net.minecraftforge.fml.loading.moddiscovery.ModFileInfo/LOADING]: Found valid mod file [GD656击杀图标] gd656killicon-1.1.2-1.20.1-forge.jar with {gd656killicon} mods - versions {1.1.2-1.20.1-forge}
[048月2026 10:40:04.237] [main/DEBUG] [net.minecraftforge.fml.loading.moddiscovery.ModFile/LOADING]: Loading mod file D:\game\mc\.minecraft\versions\测试MOD\mods\[GD656击杀图标] gd656killicon-1.1.2-1.20.1-forge.jar with languages [LanguageSpec[languageName=javafml, acceptedVersions=[47,)]]
[048月2026 10:40:04.237] [main/DEBUG] [net.minecraftforge.fml.loading.moddiscovery.ModFileParser/LOADING]: Considering mod file candidate D:\game\mc\.minecraft\versions\测试MOD\mods\[玉 ?] Jade-1.20.1-Forge-11.13.2.jar
[048月2026 10:40:04.237] [main/DEBUG] [net.minecraftforge.fml.loading.moddiscovery.ModFileInfo/LOADING]: Found valid mod file [玉 ?] Jade-1.20.1-Forge-11.13.2.jar with {jade} mods - versions {11.13.2+forge}
[048月2026 10:40:04.237] [main/DEBUG] [net.minecraftforge.fml.loading.moddiscovery.ModFile/LOADING]: Loading mod file D:\game\mc\.minecraft\versions\测试MOD\mods\[玉 ?] Jade-1.20.1-Forge-11.13.2.jar with languages [LanguageSpec[languageName=javafml, acceptedVersions=[46,)]]
[048月2026 10:40:04.237] [main/DEBUG] [net.minecraftforge.fml.loading.moddiscovery.ModFileParser/LOADING]: Considering mod file candidate D:\game\mc\.minecraft\versions\测试MOD\mods\MaFgLib-0.1.14-mc1.20.1.jar
[048月2026 10:40:04.237] [main/DEBUG] [net.minecraftforge.fml.loading.moddiscovery.ModFileInfo/LOADING]: Found valid mod file MaFgLib-0.1.14-mc1.20.1.jar with {mafglib} mods - versions {0.1.14-mc1.20.1}
[048月2026 10:40:04.237] [main/DEBUG] [net.minecraftforge.fml.loading.moddiscovery.ModFile/LOADING]: Loading mod file D:\game\mc\.minecraft\versions\测试MOD\mods\MaFgLib-0.1.14-mc1.20.1.jar with languages [LanguageSpec[languageName=javafml, acceptedVersions=[46,)]]
[048月2026 10:40:04.237] [main/DEBUG] [net.minecraftforge.fml.loading.moddiscovery.ModFileParser/LOADING]: Considering mod file candidate D:\game\mc\.minecraft\versions\测试MOD\mods\[更好的树叶渲染优化重铸版] CullLessLeaves-Reforged-1.20.1-1.0.5.jar
[048月2026 10:40:04.238] [main/DEBUG] [net.minecraftforge.fml.loading.moddiscovery.ModFileInfo/LOADING]: Found valid mod file [更好的树叶渲染优化重铸版] CullLessLeaves-Reforged-1.20.1-1.0.5.jar with {culllessleaves} mods - versions {1.20.1-1.0.5}
[048月2026 10:40:04.238] [main/DEBUG] [net.minecraftforge.fml.loading.moddiscovery.ModFile/LOADING]: Loading mod file D:\game\mc\.minecraft\versions\测试MOD\mods\[更好的树叶渲染优化重铸版] CullLessLeaves-Reforged-1.20.1-1.0.5.jar with languages [LanguageSpec[languageName=javafml, acceptedVersions=[47,)]]
[048月2026 10:40:04.238] [main/DEBUG] [net.minecraftforge.fml.loading.moddiscovery.ModFileParser/LOADING]: Considering mod file candidate 
[048月2026 10:40:04.238] [main/DEBUG] [net.minecraftforge.fml.loading.moddiscovery.ModFileInfo/LOADING]: Found valid mod file spectrelib-forge-0.13.15+1.20.1.jar with {spectrelib} mods - versions {0.13.15+1.20.1}
[048月2026 10:40:04.238] [main/DEBUG] [net.minecraftforge.fml.loading.moddiscovery.ModFile/LOADING]: Loading mod file  with languages [LanguageSpec[languageName=javafml, acceptedVersions=[41,)]]
[048月2026 10:40:04.238] [main/DEBUG] [net.minecraftforge.fml.loading.moddiscovery.ModFileParser/LOADING]: Considering mod file candidate D:\game\mc\.minecraft\versions\测试MOD\mods\[TaCZ：绿葡萄战术装备] lrtactical-1.20.1-0.4.1.jar
[048月2026 10:40:04.238] [main/DEBUG] [net.minecraftforge.fml.loading.moddiscovery.ModFileInfo/LOADING]: Found valid mod file [TaCZ：绿葡萄战术装备] lrtactical-1.20.1-0.4.1.jar with {lrtactical} mods - versions {0.4.1}
[048月2026 10:40:04.238] [main/DEBUG] [net.minecraftforge.fml.loading.moddiscovery.ModFile/LOADING]: Loading mod file D:\game\mc\.minecraft\versions\测试MOD\mods\[TaCZ：绿葡萄战术装备] lrtactical-1.20.1-0.4.1.jar with languages [LanguageSpec[languageName=javafml, acceptedVersions=[47,)]]
[048月2026 10:40:04.238] [main/DEBUG] [net.minecraftforge.fml.loading.moddiscovery.ModFileParser/LOADING]: Considering mod file candidate D:\game\mc\.minecraft\versions\测试MOD\mods\[物品高亮] Highlighter-1.20.1-forge-1.1.9.jar
[048月2026 10:40:04.238] [main/DEBUG] [net.minecraftforge.fml.loading.moddiscovery.ModFileInfo/LOADING]: Found valid mod file [物品高亮] Highlighter-1.20.1-forge-1.1.9.jar with {highlighter} mods - versions {1.1.9}
[048月2026 10:40:04.238] [main/DEBUG] [net.minecraftforge.fml.loading.moddiscovery.ModFile/LOADING]: Loading mod file D:\game\mc\.minecraft\versions\测试MOD\mods\[物品高亮] Highlighter-1.20.1-forge-1.1.9.jar with languages [LanguageSpec[languageName=javafml, acceptedVersions=[46,)]]
[048月2026 10:40:04.238] [main/DEBUG] [net.minecraftforge.fml.loading.moddiscovery.ModFileParser/LOADING]: Considering mod file candidate D:\game\mc\.minecraft\versions\测试MOD\mods\[冰山] Iceberg-1.20.1-forge-1.1.25.jar
[048月2026 10:40:04.238] [main/DEBUG] [net.minecraftforge.fml.loading.moddiscovery.ModFileInfo/LOADING]: Found valid mod file [冰山] Iceberg-1.20.1-forge-1.1.25.jar with {iceberg} mods - versions {1.1.25}
[048月2026 10:40:04.238] [main/DEBUG] [net.minecraftforge.fml.loading.moddiscovery.ModFile/LOADING]: Loading mod file D:\game\mc\.minecraft\versions\测试MOD\mods\[冰山] Iceberg-1.20.1-forge-1.1.25.jar with languages [LanguageSpec[languageName=javafml, acceptedVersions=[47,)]]
[048月2026 10:40:04.238] [main/DEBUG] [net.minecraftforge.fml.loading.moddiscovery.ModFileParser/LOADING]: Considering mod file candidate D:\game\mc\.minecraft\versions\测试MOD\mods\[更多动画] notenoughanimations-forge-1.12.4-mc1.20.1.jar
[048月2026 10:40:04.238] [main/DEBUG] [net.minecraftforge.fml.loading.moddiscovery.ModFileInfo/LOADING]: Found valid mod file [更多动画] notenoughanimations-forge-1.12.4-mc1.20.1.jar with {notenoughanimations} mods - versions {1.12.4}
[048月2026 10:40:04.239] [main/DEBUG] [net.minecraftforge.fml.loading.moddiscovery.ModFile/LOADING]: Loading mod file D:\game\mc\.minecraft\versions\测试MOD\mods\[更多动画] notenoughanimations-forge-1.12.4-mc1.20.1.jar with languages [LanguageSpec[languageName=javafml, acceptedVersions=[28,)]]
[048月2026 10:40:04.239] [main/DEBUG] [net.minecraftforge.fml.loading.moddiscovery.ModFileParser/LOADING]: Considering mod file candidate D:\game\mc\.minecraft\versions\测试MOD\mods\curios-forge-5.14.1+1.20.1.jar
[048月2026 10:40:04.239] [main/DEBUG] [net.minecraftforge.fml.loading.moddiscovery.ModFileInfo/LOADING]: Found valid mod file curios-forge-5.14.1+1.20.1.jar with {curios} mods - versions {5.14.1+1.20.1}
[048月2026 10:40:04.239] [main/DEBUG] [net.minecraftforge.fml.loading.moddiscovery.ModFile/LOADING]: Loading mod file D:\game\mc\.minecraft\versions\测试MOD\mods\curios-forge-5.14.1+1.20.1.jar with languages [LanguageSpec[languageName=javafml, acceptedVersions=[41,)]]
[048月2026 10:40:04.239] [main/DEBUG] [net.minecraftforge.fml.loading.moddiscovery.ModFileParser/LOADING]: Considering mod file candidate 
[048月2026 10:40:04.239] [main/DEBUG] [net.minecraftforge.fml.loading.moddiscovery.ModFileInfo/LOADING]: Found valid mod file simplebedrockmodel-2.2.2-forge+mc1.20.1.jar with {simplebedrockmodel} mods - versions {2.2.2-forge+mc1.20.1}
[048月2026 10:40:04.239] [main/DEBUG] [net.minecraftforge.fml.loading.moddiscovery.ModFile/LOADING]: Loading mod file  with languages [LanguageSpec[languageName=javafml, acceptedVersions=[47,)]]
[048月2026 10:40:04.239] [main/DEBUG] [net.minecraftforge.fml.loading.moddiscovery.ModFileParser/LOADING]: Considering mod file candidate D:\game\mc\.minecraft\versions\测试MOD\mods\[帕秋莉手册] Patchouli-1.20.1-85-FORGE.jar
[048月2026 10:40:04.239] [main/DEBUG] [net.minecraftforge.fml.loading.moddiscovery.ModFileInfo/LOADING]: Found valid mod file [帕秋莉手册] Patchouli-1.20.1-85-FORGE.jar with {patchouli} mods - versions {1.20.1-85-FORGE}
[048月2026 10:40:04.239] [main/DEBUG] [net.minecraftforge.fml.loading.moddiscovery.ModFile/LOADING]: Loading mod file D:\game\mc\.minecraft\versions\测试MOD\mods\[帕秋莉手册] Patchouli-1.20.1-85-FORGE.jar with languages [LanguageSpec[languageName=javafml, acceptedVersions=[47,)]]
[048月2026 10:40:04.239] [main/DEBUG] [net.minecraftforge.fml.loading.moddiscovery.ModFileParser/LOADING]: Considering mod file candidate D:\game\mc\.minecraft\versions\测试MOD\mods\[Xaero的小地图] xaerominimap-forge-1.20.1-26.4.2.jar
[048月2026 10:40:04.239] [main/DEBUG] [net.minecraftforge.fml.loading.moddiscovery.ModFileInfo/LOADING]: Found valid mod file [Xaero的小地图] xaerominimap-forge-1.20.1-26.4.2.jar with {xaerominimap} mods - versions {26.4.2}
[048月2026 10:40:04.239] [main/DEBUG] [net.minecraftforge.fml.loading.moddiscovery.ModFile/LOADING]: Loading mod file D:\game\mc\.minecraft\versions\测试MOD\mods\[Xaero的小地图] xaerominimap-forge-1.20.1-26.4.2.jar with languages [LanguageSpec[languageName=javafml, acceptedVersions=[46,48)]]
[048月2026 10:40:04.239] [main/DEBUG] [net.minecraftforge.fml.loading.moddiscovery.ModFileParser/LOADING]: Found coremod xaerohud_core with Javascript path META-INF/xaerohud_core.js
[048月2026 10:40:04.239] [main/DEBUG] [net.minecraftforge.fml.loading.moddiscovery.ModFile/LOADING]: Found coremod META-INF/xaerohud_core.js
[048月2026 10:40:04.239] [main/DEBUG] [net.minecraftforge.fml.loading.moddiscovery.ModFileParser/LOADING]: Considering mod file candidate D:\game\mc\.minecraft\versions\测试MOD\mods\oculus-mc1.20.1-1.8.0.jar
[048月2026 10:40:04.239] [main/DEBUG] [net.minecraftforge.fml.loading.moddiscovery.ModFileInfo/LOADING]: Found valid mod file oculus-mc1.20.1-1.8.0.jar with {oculus} mods - versions {1.8.0}
[048月2026 10:40:04.239] [main/DEBUG] [net.minecraftforge.fml.loading.moddiscovery.ModFile/LOADING]: Loading mod file D:\game\mc\.minecraft\versions\测试MOD\mods\oculus-mc1.20.1-1.8.0.jar with languages [LanguageSpec[languageName=javafml, acceptedVersions=*]]
[048月2026 10:40:04.239] [main/DEBUG] [net.minecraftforge.fml.loading.moddiscovery.ModFileParser/LOADING]: Considering mod file candidate D:\game\mc\.minecraft\versions\测试MOD\mods\[灵动提示框] colortooltips-1201.3.1.jar
[048月2026 10:40:04.240] [main/DEBUG] [net.minecraftforge.fml.loading.moddiscovery.ModFileInfo/LOADING]: Found valid mod file [灵动提示框] colortooltips-1201.3.1.jar with {colortooltips} mods - versions {1201.3.1}
[048月2026 10:40:04.240] [main/DEBUG] [net.minecraftforge.fml.loading.moddiscovery.ModFile/LOADING]: Loading mod file D:\game\mc\.minecraft\versions\测试MOD\mods\[灵动提示框] colortooltips-1201.3.1.jar with languages [LanguageSpec[languageName=javafml, acceptedVersions=[47,)]]
[048月2026 10:40:04.240] [main/DEBUG] [net.minecraftforge.fml.loading.moddiscovery.ModFileParser/LOADING]: Considering mod file candidate D:\game\mc\.minecraft\versions\测试MOD\mods\Searchables-forge-1.20.1-1.0.3.jar
[048月2026 10:40:04.240] [main/DEBUG] [net.minecraftforge.fml.loading.moddiscovery.ModFileInfo/LOADING]: Found valid mod file Searchables-forge-1.20.1-1.0.3.jar with {searchables} mods - versions {1.0.3}
[048月2026 10:40:04.240] [main/DEBUG] [net.minecraftforge.fml.loading.moddiscovery.ModFile/LOADING]: Loading mod file D:\game\mc\.minecraft\versions\测试MOD\mods\Searchables-forge-1.20.1-1.0.3.jar with languages [LanguageSpec[languageName=javafml, acceptedVersions=[41,)]]
[048月2026 10:40:04.240] [main/DEBUG] [net.minecraftforge.fml.loading.moddiscovery.ModFileParser/LOADING]: Considering mod file candidate D:\game\mc\.minecraft\versions\测试MOD\mods\[加速火把] Torcherino-forge-1.20.1-20.0.0.jar
[048月2026 10:40:04.240] [main/DEBUG] [net.minecraftforge.fml.loading.moddiscovery.ModFileInfo/LOADING]: Found valid mod file [加速火把] Torcherino-forge-1.20.1-20.0.0.jar with {torcherino} mods - versions {20.0.0}
[048月2026 10:40:04.240] [main/DEBUG] [net.minecraftforge.fml.loading.moddiscovery.ModFile/LOADING]: Loading mod file D:\game\mc\.minecraft\versions\测试MOD\mods\[加速火把] Torcherino-forge-1.20.1-20.0.0.jar with languages [LanguageSpec[languageName=javafml, acceptedVersions=[47,)]]
[048月2026 10:40:04.240] [main/DEBUG] [net.minecraftforge.fml.loading.moddiscovery.ModFileParser/LOADING]: Considering mod file candidate D:\game\mc\.minecraft\versions\测试MOD\mods\[等价交换团队] teamprojecte-1.20.1-1.1.4.jar
[048月2026 10:40:04.240] [main/DEBUG] [net.minecraftforge.fml.loading.moddiscovery.ModFileInfo/LOADING]: Found valid mod file [等价交换团队] teamprojecte-1.20.1-1.1.4.jar with {teamprojecte} mods - versions {1.1.4}
[048月2026 10:40:04.240] [main/DEBUG] [net.minecraftforge.fml.loading.moddiscovery.ModFile/LOADING]: Loading mod file D:\game\mc\.minecraft\versions\测试MOD\mods\[等价交换团队] teamprojecte-1.20.1-1.1.4.jar with languages [LanguageSpec[languageName=javafml, acceptedVersions=[47,)]]
[048月2026 10:40:04.240] [main/DEBUG] [net.minecraftforge.fml.loading.moddiscovery.ModFileParser/LOADING]: Considering mod file candidate D:\game\mc\.minecraft\versions\测试MOD\mods\ApothicAttributes-1.20.1-1.3.7.jar
[048月2026 10:40:04.240] [main/DEBUG] [net.minecraftforge.fml.loading.moddiscovery.ModFileInfo/LOADING]: Found valid mod file ApothicAttributes-1.20.1-1.3.7.jar with {attributeslib} mods - versions {1.3.7}
[048月2026 10:40:04.240] [main/DEBUG] [net.minecraftforge.fml.loading.moddiscovery.ModFile/LOADING]: Loading mod file D:\game\mc\.minecraft\versions\测试MOD\mods\ApothicAttributes-1.20.1-1.3.7.jar with languages [LanguageSpec[languageName=javafml, acceptedVersions=[32,)]]
[048月2026 10:40:04.240] [main/DEBUG] [net.minecraftforge.fml.loading.moddiscovery.ModFileParser/LOADING]: Found coremod attributeslib_potion_gui_tooltips with Javascript path coremods/potion_gui_tooltips.js
[048月2026 10:40:04.240] [main/DEBUG] [net.minecraftforge.fml.loading.moddiscovery.ModFile/LOADING]: Found coremod coremods/potion_gui_tooltips.js
[048月2026 10:40:04.240] [main/DEBUG] [net.minecraftforge.fml.loading.moddiscovery.ModFileParser/LOADING]: Considering mod file candidate D:\game\mc\.minecraft\versions\测试MOD\mods\[实体渲染机制优化] entityculling-forge-1.10.5-mc1.20.1.jar
[048月2026 10:40:04.240] [main/DEBUG] [net.minecraftforge.fml.loading.moddiscovery.ModFileInfo/LOADING]: Found valid mod file [实体渲染机制优化] entityculling-forge-1.10.5-mc1.20.1.jar with {entityculling} mods - versions {1.10.5}
[048月2026 10:40:04.240] [main/DEBUG] [net.minecraftforge.fml.loading.moddiscovery.ModFile/LOADING]: Loading mod file D:\game\mc\.minecraft\versions\测试MOD\mods\[实体渲染机制优化] entityculling-forge-1.10.5-mc1.20.1.jar with languages [LanguageSpec[languageName=javafml, acceptedVersions=[28,)]]
[048月2026 10:40:04.240] [main/DEBUG] [net.minecraftforge.fml.loading.moddiscovery.ModFileParser/LOADING]: Considering mod file candidate D:\game\mc\.minecraft\versions\测试MOD\mods\[通用拼音搜索] jecharacters-1.20.1-forge-4.6.7.jar
[048月2026 10:40:04.240] [main/DEBUG] [net.minecraftforge.fml.loading.moddiscovery.ModFileInfo/LOADING]: Found valid mod file [通用拼音搜索] jecharacters-1.20.1-forge-4.6.7.jar with {jecharacters} mods - versions {4.6.7}
[048月2026 10:40:04.240] [main/DEBUG] [net.minecraftforge.fml.loading.moddiscovery.ModFile/LOADING]: Loading mod file D:\game\mc\.minecraft\versions\测试MOD\mods\[通用拼音搜索] jecharacters-1.20.1-forge-4.6.7.jar with languages [LanguageSpec[languageName=javafml, acceptedVersions=[34,)]]
[048月2026 10:40:04.240] [main/DEBUG] [net.minecraftforge.fml.loading.moddiscovery.ModFileParser/LOADING]: Found coremod common_transformer with Javascript path coremods/common_transformer.js
[048月2026 10:40:04.240] [main/DEBUG] [net.minecraftforge.fml.loading.moddiscovery.ModFileParser/LOADING]: Found coremod hexcessible_transformer with Javascript path coremods/hexcessible_transformer.js
[048月2026 10:40:04.242] [main/DEBUG] [net.minecraftforge.fml.loading.moddiscovery.ModFileParser/LOADING]: Found coremod jei_transformer with Javascript path coremods/jei_transformer.js
[048月2026 10:40:04.242] [main/DEBUG] [net.minecraftforge.fml.loading.moddiscovery.ModFile/LOADING]: Found coremod coremods/common_transformer.js
[048月2026 10:40:04.242] [main/DEBUG] [net.minecraftforge.fml.loading.moddiscovery.ModFile/LOADING]: Found coremod coremods/hexcessible_transformer.js
[048月2026 10:40:04.242] [main/DEBUG] [net.minecraftforge.fml.loading.moddiscovery.ModFile/LOADING]: Found coremod coremods/jei_transformer.js
[048月2026 10:40:04.242] [main/DEBUG] [net.minecraftforge.fml.loading.moddiscovery.ModFileParser/LOADING]: Considering mod file candidate D:\game\mc\.minecraft\versions\测试MOD\mods\holdmyitems-1.20.1v2.1.jar
[048月2026 10:40:04.242] [main/DEBUG] [net.minecraftforge.fml.loading.moddiscovery.ModFileInfo/LOADING]: Found valid mod file holdmyitems-1.20.1v2.1.jar with {holdmyitems} mods - versions {2.0}
[048月2026 10:40:04.242] [main/DEBUG] [net.minecraftforge.fml.loading.moddiscovery.ModFile/LOADING]: Loading mod file D:\game\mc\.minecraft\versions\测试MOD\mods\holdmyitems-1.20.1v2.1.jar with languages [LanguageSpec[languageName=javafml, acceptedVersions=[47,)]]
[048月2026 10:40:04.242] [main/DEBUG] [net.minecraftforge.fml.loading.moddiscovery.ModFileParser/LOADING]: Considering mod file candidate D:\game\mc\.minecraft\versions\测试MOD\mods\[物品栏HUD+] inventoryhud.forge.1.20.1-3.4.26.jar
[048月2026 10:40:04.242] [main/DEBUG] [net.minecraftforge.fml.loading.moddiscovery.ModFileInfo/LOADING]: Found valid mod file [物品栏HUD+] inventoryhud.forge.1.20.1-3.4.26.jar with {inventoryhud} mods - versions {3.4.26}
[048月2026 10:40:04.242] [main/DEBUG] [net.minecraftforge.fml.loading.moddiscovery.ModFile/LOADING]: Loading mod file D:\game\mc\.minecraft\versions\测试MOD\mods\[物品栏HUD+] inventoryhud.forge.1.20.1-3.4.26.jar with languages [LanguageSpec[languageName=javafml, acceptedVersions=[46,50)]]
[048月2026 10:40:04.242] [main/DEBUG] [net.minecraftforge.fml.loading.moddiscovery.ModFileParser/LOADING]: Considering mod file candidate D:\game\mc\.minecraft\versions\测试MOD\mods\ftb-ultimine-forge-1902.4.2-build.136.jar
[048月2026 10:40:04.242] [main/DEBUG] [net.minecraftforge.fml.loading.moddiscovery.ModFileInfo/LOADING]: Found valid mod file ftb-ultimine-forge-1902.4.2-build.136.jar with {ftbultimine} mods - versions {1902.4.2-build.136}
[048月2026 10:40:04.242] [main/DEBUG] [net.minecraftforge.fml.loading.moddiscovery.ModFile/LOADING]: Loading mod file D:\game\mc\.minecraft\versions\测试MOD\mods\ftb-ultimine-forge-1902.4.2-build.136.jar with languages [LanguageSpec[languageName=javafml, acceptedVersions=[43,)]]
[048月2026 10:40:04.242] [main/DEBUG] [net.minecraftforge.fml.loading.moddiscovery.ModFileParser/LOADING]: Considering mod file candidate D:\game\mc\.minecraft\versions\测试MOD\mods\[等价交换扩展] ProjectExtended-1.20.1-1.5.0.jar
[048月2026 10:40:04.242] [main/DEBUG] [net.minecraftforge.fml.loading.moddiscovery.ModFileInfo/LOADING]: Found valid mod file [等价交换扩展] ProjectExtended-1.20.1-1.5.0.jar with {projectextended} mods - versions {1.5.0}
[048月2026 10:40:04.242] [main/DEBUG] [net.minecraftforge.fml.loading.moddiscovery.ModFile/LOADING]: Loading mod file D:\game\mc\.minecraft\versions\测试MOD\mods\[等价交换扩展] ProjectExtended-1.20.1-1.5.0.jar with languages [LanguageSpec[languageName=javafml, acceptedVersions=[47,)]]
[048月2026 10:40:04.242] [main/DEBUG] [net.minecraftforge.fml.loading.moddiscovery.ModFileParser/LOADING]: Considering mod file candidate D:\game\mc\.minecraft\versions\测试MOD\mods\[稀有度核心] raritycore-1201.14.0.jar
[048月2026 10:40:04.242] [main/DEBUG] [net.minecraftforge.fml.loading.moddiscovery.ModFileInfo/LOADING]: Found valid mod file [稀有度核心] raritycore-1201.14.0.jar with {raritycore} mods - versions {1201.14.0}
[048月2026 10:40:04.242] [main/DEBUG] [net.minecraftforge.fml.loading.moddiscovery.ModFile/LOADING]: Loading mod file D:\game\mc\.minecraft\versions\测试MOD\mods\[稀有度核心] raritycore-1201.14.0.jar with languages [LanguageSpec[languageName=javafml, acceptedVersions=[47,)]]
[048月2026 10:40:04.242] [main/DEBUG] [net.minecraftforge.fml.loading.moddiscovery.ModFileParser/LOADING]: Considering mod file candidate D:\game\mc\.minecraft\versions\测试MOD\mods\[苹果皮] appleskin-forge-mc1.20.1-2.5.1.jar
[048月2026 10:40:04.242] [main/DEBUG] [net.minecraftforge.fml.loading.moddiscovery.ModFileInfo/LOADING]: Found valid mod file [苹果皮] appleskin-forge-mc1.20.1-2.5.1.jar with {appleskin} mods - versions {2.5.1+mc1.20.1}
[048月2026 10:40:04.242] [main/DEBUG] [net.minecraftforge.fml.loading.moddiscovery.ModFile/LOADING]: Loading mod file D:\game\mc\.minecraft\versions\测试MOD\mods\[苹果皮] appleskin-forge-mc1.20.1-2.5.1.jar with languages [LanguageSpec[languageName=javafml, acceptedVersions=[47,)]]
[048月2026 10:40:04.242] [main/DEBUG] [net.minecraftforge.fml.loading.moddiscovery.ModFileParser/LOADING]: Considering mod file candidate D:\game\mc\.minecraft\versions\测试MOD\mods\architectury-9.2.14-forge.jar
[048月2026 10:40:04.242] [main/DEBUG] [net.minecraftforge.fml.loading.moddiscovery.ModFileInfo/LOADING]: Found valid mod file architectury-9.2.14-forge.jar with {architectury} mods - versions {9.2.14}
[048月2026 10:40:04.242] [main/DEBUG] [net.minecraftforge.fml.loading.moddiscovery.ModFile/LOADING]: Loading mod file D:\game\mc\.minecraft\versions\测试MOD\mods\architectury-9.2.14-forge.jar with languages [LanguageSpec[languageName=javafml, acceptedVersions=[46,)]]
[048月2026 10:40:04.242] [main/DEBUG] [net.minecraftforge.fml.loading.moddiscovery.ModFileParser/LOADING]: Considering mod file candidate D:\game\mc\.minecraft\versions\测试MOD\mods\[铁氧体磁芯] ferritecore-6.0.1-forge.jar
[048月2026 10:40:04.242] [main/DEBUG] [net.minecraftforge.fml.loading.moddiscovery.ModFileInfo/LOADING]: Found valid mod file [铁氧体磁芯] ferritecore-6.0.1-forge.jar with {ferritecore} mods - versions {6.0.1}
[048月2026 10:40:04.242] [main/DEBUG] [net.minecraftforge.fml.loading.moddiscovery.ModFile/LOADING]: Loading mod file D:\game\mc\.minecraft\versions\测试MOD\mods\[铁氧体磁芯] ferritecore-6.0.1-forge.jar with languages [LanguageSpec[languageName=javafml, acceptedVersions=[28,)]]
[048月2026 10:40:04.242] [main/DEBUG] [net.minecraftforge.fml.loading.moddiscovery.ModFileParser/LOADING]: Considering mod file candidate 
[048月2026 10:40:04.243] [main/DEBUG] [net.minecraftforge.fml.loading.moddiscovery.ModFileInfo/LOADING]: Found valid mod file TRansition-1.0.21-1.20.1-forge-SNAPSHOT.jar with {transition} mods - versions {1.0.21}
[048月2026 10:40:04.243] [main/DEBUG] [net.minecraftforge.fml.loading.moddiscovery.ModFile/LOADING]: Loading mod file  with languages [LanguageSpec[languageName=javafml, acceptedVersions=[28,)]]
[048月2026 10:40:04.243] [main/DEBUG] [net.minecraftforge.fml.loading.moddiscovery.ModFileParser/LOADING]: Considering mod file candidate D:\game\mc\.minecraft\versions\测试MOD\mods\PuzzlesLib-v8.1.33-1.20.1-Forge.jar
[048月2026 10:40:04.243] [main/DEBUG] [net.minecraftforge.fml.loading.moddiscovery.ModFileInfo/LOADING]: Found valid mod file PuzzlesLib-v8.1.33-1.20.1-Forge.jar with {puzzleslib} mods - versions {8.1.33}
[048月2026 10:40:04.243] [main/DEBUG] [net.minecraftforge.fml.loading.moddiscovery.ModFile/LOADING]: Loading mod file D:\game\mc\.minecraft\versions\测试MOD\mods\PuzzlesLib-v8.1.33-1.20.1-Forge.jar with languages [LanguageSpec[languageName=javafml, acceptedVersions=[47,)]]
[048月2026 10:40:04.243] [main/DEBUG] [net.minecraftforge.fml.loading.moddiscovery.ModFileParser/LOADING]: Considering mod file candidate 
[048月2026 10:40:04.243] [main/DEBUG] [net.minecraftforge.fml.loading.moddiscovery.ModFileInfo/LOADING]: Found valid mod file kuroutils2-2001.2.4.0.jar with {kuroutils} mods - versions {2001.2.4.0}
[048月2026 10:40:04.243] [main/DEBUG] [net.minecraftforge.fml.loading.moddiscovery.ModFile/LOADING]: Loading mod file  with languages [LanguageSpec[languageName=javafml, acceptedVersions=[47,)]]
[048月2026 10:40:04.243] [main/DEBUG] [net.minecraftforge.fml.loading.moddiscovery.ModFileParser/LOADING]: Considering mod file candidate D:\game\mc\.minecraft\versions\测试MOD\mods\[不死图腾插槽／不死图腾槽位] charmofundying-forge-6.5.0+1.20.1.jar
[048月2026 10:40:04.243] [main/DEBUG] [net.minecraftforge.fml.loading.moddiscovery.ModFileInfo/LOADING]: Found valid mod file [不死图腾插槽／不死图腾槽位] charmofundying-forge-6.5.0+1.20.1.jar with {charmofundying} mods - versions {6.5.0+1.20.1}
[048月2026 10:40:04.243] [main/DEBUG] [net.minecraftforge.fml.loading.moddiscovery.ModFile/LOADING]: Loading mod file D:\game\mc\.minecraft\versions\测试MOD\mods\[不死图腾插槽／不死图腾槽位] charmofundying-forge-6.5.0+1.20.1.jar with languages [LanguageSpec[languageName=javafml, acceptedVersions=[41,)]]
[048月2026 10:40:04.243] [main/DEBUG] [net.minecraftforge.fml.loading.moddiscovery.ModFileParser/LOADING]: Considering mod file candidate D:\game\mc\.minecraft\versions\测试MOD\mods\[加速渲染] acceleratedrendering-1.0.14-1.20.1-alpha.jar
[048月2026 10:40:04.243] [main/DEBUG] [net.minecraftforge.fml.loading.moddiscovery.ModFileInfo/LOADING]: Found valid mod file [加速渲染] acceleratedrendering-1.0.14-1.20.1-alpha.jar with {acceleratedrendering} mods - versions {1.0.14-1.20.1-alpha}
[048月2026 10:40:04.243] [main/DEBUG] [net.minecraftforge.fml.loading.moddiscovery.ModFile/LOADING]: Loading mod file D:\game\mc\.minecraft\versions\测试MOD\mods\[加速渲染] acceleratedrendering-1.0.14-1.20.1-alpha.jar with languages [LanguageSpec[languageName=javafml, acceptedVersions=[47,)]]
[048月2026 10:40:04.243] [main/DEBUG] [net.minecraftforge.fml.loading.moddiscovery.ModFileParser/LOADING]: Considering mod file candidate D:\game\mc\.minecraft\versions\测试MOD\mods\[输入法冲突修复] IMBlocker-5.5.4-forge+1.17-1.20.4.jar
[048月2026 10:40:04.243] [main/DEBUG] [net.minecraftforge.fml.loading.moddiscovery.ModFileInfo/LOADING]: Found valid mod file [输入法冲突修复] IMBlocker-5.5.4-forge+1.17-1.20.4.jar with {imblocker} mods - versions {5.5.4}
[048月2026 10:40:04.244] [main/DEBUG] [net.minecraftforge.fml.loading.moddiscovery.ModFile/LOADING]: Loading mod file D:\game\mc\.minecraft\versions\测试MOD\mods\[输入法冲突修复] IMBlocker-5.5.4-forge+1.17-1.20.4.jar with languages [LanguageSpec[languageName=javafml, acceptedVersions=[37,)]]
[048月2026 10:40:04.244] [main/DEBUG] [net.minecraftforge.fml.loading.moddiscovery.ModFileParser/LOADING]: Considering mod file candidate D:\game\mc\.minecraft\versions\测试MOD\mods\[FTB任务冻结修复] ftbquestsfreezefix-forge-1.0.0-1.20.1.jar
[048月2026 10:40:04.244] [main/DEBUG] [net.minecraftforge.fml.loading.moddiscovery.ModFileInfo/LOADING]: Found valid mod file [FTB任务冻结修复] ftbquestsfreezefix-forge-1.0.0-1.20.1.jar with {ftbquestsfreezefix} mods - versions {1.0.0}
[048月2026 10:40:04.244] [main/DEBUG] [net.minecraftforge.fml.loading.moddiscovery.ModFile/LOADING]: Loading mod file D:\game\mc\.minecraft\versions\测试MOD\mods\[FTB任务冻结修复] ftbquestsfreezefix-forge-1.0.0-1.20.1.jar with languages [LanguageSpec[languageName=javafml, acceptedVersions=[1,)]]
[048月2026 10:40:04.244] [main/DEBUG] [net.minecraftforge.fml.loading.moddiscovery.ModFile/LOADING]: Loading mod file  with languages []
[048月2026 10:40:04.244] [main/DEBUG] [net.minecraftforge.fml.loading.moddiscovery.ModFile/LOADING]: Loading mod file  with languages []
[048月2026 10:40:04.244] [main/DEBUG] [net.minecraftforge.fml.loading.moddiscovery.ModFile/LOADING]: Loading mod file  with languages []
[048月2026 10:40:04.244] [main/DEBUG] [net.minecraftforge.fml.loading.moddiscovery.ModFile/LOADING]: Loading mod file  with languages []
[048月2026 10:40:04.244] [main/DEBUG] [net.minecraftforge.fml.loading.moddiscovery.ModFileParser/LOADING]: Considering mod file candidate 
[048月2026 10:40:04.244] [main/DEBUG] [net.minecraftforge.fml.loading.moddiscovery.ModFileInfo/LOADING]: Found valid mod file mixinsquared-forge-0.1.1.jar with {mixinsquared} mods - versions {0.1.1}
[048月2026 10:40:04.244] [main/DEBUG] [net.minecraftforge.fml.loading.moddiscovery.ModFile/LOADING]: Loading mod file  with languages [LanguageSpec[languageName=javafml, acceptedVersions=*]]
[048月2026 10:40:04.244] [main/DEBUG] [net.minecraftforge.fml.loading.moddiscovery.ModFile/LOADING]: Loading mod file  with languages []
[048月2026 10:40:04.244] [main/DEBUG] [net.minecraftforge.fml.loading.moddiscovery.ModFile/LOADING]: Loading mod file  with languages []
[048月2026 10:40:04.244] [main/DEBUG] [net.minecraftforge.fml.loading.moddiscovery.ModFile/LOADING]: Loading mod file  with languages []
[048月2026 10:40:04.244] [main/DEBUG] [net.minecraftforge.fml.loading.moddiscovery.ModFile/LOADING]: Loading mod file  with languages []
[048月2026 10:40:04.244] [main/DEBUG] [net.minecraftforge.fml.loading.moddiscovery.ModFile/LOADING]: Loading mod file  with languages []
[048月2026 10:40:04.244] [main/DEBUG] [net.minecraftforge.fml.loading.moddiscovery.ModFile/LOADING]: Loading mod file  with languages []
[048月2026 10:40:04.244] [main/DEBUG] [net.minecraftforge.fml.loading.moddiscovery.ModFile/LOADING]: Loading mod file  with languages []
[048月2026 10:40:04.244] [main/DEBUG] [net.minecraftforge.fml.loading.moddiscovery.ModFile/LOADING]: Loading mod file  with languages []
[048月2026 10:40:04.244] [main/DEBUG] [net.minecraftforge.fml.loading.moddiscovery.ModFile/LOADING]: Loading mod file  with languages []
[048月2026 10:40:04.244] [main/DEBUG] [net.minecraftforge.fml.loading.moddiscovery.ModFile/LOADING]: Loading mod file  with languages []
[048月2026 10:40:04.244] [main/DEBUG] [net.minecraftforge.fml.loading.moddiscovery.ModFileParser/LOADING]: Considering mod file candidate 
[048月2026 10:40:04.244] [main/DEBUG] [net.minecraftforge.fml.loading.moddiscovery.ModFileInfo/LOADING]: Found valid mod file mixinsquared-forge-0.1.1.jar with {mixinsquared} mods - versions {0.1.1}
[048月2026 10:40:04.244] [main/DEBUG] [net.minecraftforge.fml.loading.moddiscovery.ModFile/LOADING]: Loading mod file  with languages [LanguageSpec[languageName=javafml, acceptedVersions=*]]
[048月2026 10:40:04.244] [main/DEBUG] [net.minecraftforge.fml.loading.moddiscovery.ModFile/LOADING]: Loading mod file  with languages []
[048月2026 10:40:04.244] [main/DEBUG] [net.minecraftforge.fml.loading.moddiscovery.ModFile/LOADING]: Loading mod file  with languages []
[048月2026 10:40:04.244] [main/DEBUG] [net.minecraftforge.fml.loading.moddiscovery.ModFile/LOADING]: Loading mod file  with languages []
[048月2026 10:40:04.244] [main/DEBUG] [net.minecraftforge.fml.loading.moddiscovery.ModFile/LOADING]: Loading mod file  with languages []
[048月2026 10:40:04.245] [main/DEBUG] [net.minecraftforge.fml.loading.moddiscovery.ModFile/LOADING]: Loading mod file  with languages []
[048月2026 10:40:04.245] [main/DEBUG] [net.minecraftforge.fml.loading.moddiscovery.ModFile/LOADING]: Loading mod file  with languages []
[048月2026 10:40:04.245] [main/DEBUG] [cpw.mods.modlauncher.TransformationServiceDecorator/MODLAUNCHER]: End scan trigger - transformation service fml
[048月2026 10:40:04.245] [main/DEBUG] [cpw.mods.modlauncher.TransformationServiceDecorator/MODLAUNCHER]: Beginning scan trigger - transformation service I18nUpdateMod
[048月2026 10:40:04.245] [main/DEBUG] [cpw.mods.modlauncher.TransformationServiceDecorator/MODLAUNCHER]: End scan trigger - transformation service I18nUpdateMod
[048月2026 10:40:04.252] [main/DEBUG] [net.minecraftforge.fml.loading.LanguageLoadingProvider/CORE]: Found 3 language providers
[048月2026 10:40:04.252] [main/DEBUG] [net.minecraftforge.fml.loading.LanguageLoadingProvider/CORE]: Found language provider minecraft, version 1.0
[048月2026 10:40:04.252] [main/DEBUG] [net.minecraftforge.fml.loading.LanguageLoadingProvider/CORE]: Found language provider lowcodefml, version 47
[048月2026 10:40:04.252] [main/DEBUG] [net.minecraftforge.fml.loading.LanguageLoadingProvider/CORE]: Found language provider javafml, version 47
[048月2026 10:40:04.255] [main/DEBUG] [net.minecraftforge.fml.loading.UniqueModListBuilder/]: Found 2 mods for first modid mclib, selecting most recent based on version data
[048月2026 10:40:04.255] [main/DEBUG] [net.minecraftforge.fml.loading.UniqueModListBuilder/]: Selected file mclib-20.jar for modid mclib with version 0.0NONE
[048月2026 10:40:04.255] [main/DEBUG] [net.minecraftforge.fml.loading.UniqueModListBuilder/]: Found 2 mods for first modid luaj.core.figura, selecting most recent based on version data
[048月2026 10:40:04.255] [main/DEBUG] [net.minecraftforge.fml.loading.UniqueModListBuilder/]: Selected file luaj-core-3.0.8-figura.jar for modid luaj.core.figura with version 0.0NONE
[048月2026 10:40:04.255] [main/DEBUG] [net.minecraftforge.fml.loading.UniqueModListBuilder/]: Found 2 mods for first modid mixinextras, selecting most recent based on version data
[048月2026 10:40:04.255] [main/DEBUG] [net.minecraftforge.fml.loading.UniqueModListBuilder/]: Selected file mixinextras-forge-0.5.4.jar for modid mixinextras with version 0.5.4
[048月2026 10:40:04.255] [main/DEBUG] [net.minecraftforge.fml.loading.UniqueModListBuilder/]: Found 2 mods for first modid jcpp, selecting most recent based on version data
[048月2026 10:40:04.255] [main/DEBUG] [net.minecraftforge.fml.loading.UniqueModListBuilder/]: Selected file jcpp-1.4.14.jar for modid jcpp with version 1.4.14
[048月2026 10:40:04.255] [main/DEBUG] [net.minecraftforge.fml.loading.UniqueModListBuilder/]: Found 2 mods for first modid mixinsquared, selecting most recent based on version data
[048月2026 10:40:04.255] [main/DEBUG] [net.minecraftforge.fml.loading.UniqueModListBuilder/]: Selected file mixinsquared-forge-0.1.1.jar for modid mixinsquared with version 0.1.1
[048月2026 10:40:04.255] [main/DEBUG] [net.minecraftforge.fml.loading.UniqueModListBuilder/]: Found 2 mods for first modid mae, selecting most recent based on version data
[048月2026 10:40:04.255] [main/DEBUG] [net.minecraftforge.fml.loading.UniqueModListBuilder/]: Selected file mae-1.1.2.jar for modid mae with version 0.0NONE
[048月2026 10:40:04.255] [main/DEBUG] [net.minecraftforge.fml.loading.UniqueModListBuilder/]: Found 2 mods for first modid luaj.jse.figura, selecting most recent based on version data
[048月2026 10:40:04.255] [main/DEBUG] [net.minecraftforge.fml.loading.UniqueModListBuilder/]: Selected file luaj-jse-3.0.8-figura.jar for modid luaj.jse.figura with version 0.0NONE
[048月2026 10:40:04.255] [main/DEBUG] [net.minecraftforge.fml.loading.UniqueModListBuilder/]: Found 2 mods for first modid org.apache.bcel, selecting most recent based on version data
[048月2026 10:40:04.255] [main/DEBUG] [net.minecraftforge.fml.loading.UniqueModListBuilder/]: Selected file bcel-6.6.1.jar for modid org.apache.bcel with version 6.6.1
[048月2026 10:40:04.255] [main/DEBUG] [net.minecraftforge.fml.loading.UniqueModListBuilder/]: Found 2 mods for first modid MixinSquared, selecting most recent based on version data
[048月2026 10:40:04.255] [main/DEBUG] [net.minecraftforge.fml.loading.UniqueModListBuilder/]: Selected file MixinSquared-0.1.1.jar for modid MixinSquared with version 0.0NONE
[048月2026 10:40:04.255] [main/DEBUG] [net.minecraftforge.fml.loading.UniqueModListBuilder/]: Found 2 mods for first modid MixinExtras, selecting most recent based on version data
[048月2026 10:40:04.256] [main/DEBUG] [net.minecraftforge.fml.loading.UniqueModListBuilder/]: Selected file MixinExtras-0.5.4.jar for modid MixinExtras with version 0.5.4
[048月2026 10:40:04.256] [main/DEBUG] [net.minecraftforge.fml.loading.UniqueModListBuilder/]: Found 2 mods for first modid commons.math3, selecting most recent based on version data
[048月2026 10:40:04.256] [main/DEBUG] [net.minecraftforge.fml.loading.UniqueModListBuilder/]: Selected file commons-math3-3.6.1.jar for modid commons.math3 with version 3.6.1
[048月2026 10:40:04.257] [main/DEBUG] [net.minecraftforge.fml.loading.ModSorter/]: Configured system mods: [minecraft, forge]
[048月2026 10:40:04.257] [main/DEBUG] [net.minecraftforge.fml.loading.ModSorter/]: Found system mod: minecraft
[048月2026 10:40:04.257] [main/DEBUG] [net.minecraftforge.fml.loading.ModSorter/]: Found system mod: forge
[048月2026 10:40:04.258] [main/DEBUG] [net.minecraftforge.fml.loading.ModSorter/LOADING]: Found 185 mod requirements (164 mandatory, 21 optional)
[048月2026 10:40:04.259] [main/DEBUG] [net.minecraftforge.fml.loading.ModSorter/LOADING]: Found 1 mod requirements missing (1 mandatory, 0 optional)
[048月2026 10:40:04.259] [main/ERROR] [net.minecraftforge.fml.loading.ModSorter/LOADING]: Missing or unsupported mandatory dependencies:
	Mod ID: 'minecraft', Requested by: 'ftbquests', Expected range: '[1.19.2,1.20)', Actual version: '1.20.1'
[048月2026 10:40:04.464] [main/DEBUG] [cpw.mods.modlauncher.TransformationServicesHandler/MODLAUNCHER]: Transformation services loading transformers
[048月2026 10:40:04.465] [main/DEBUG] [cpw.mods.modlauncher.TransformationServiceDecorator/MODLAUNCHER]: Initializing transformers for transformation service mixin
[048月2026 10:40:04.465] [main/DEBUG] [cpw.mods.modlauncher.TransformationServiceDecorator/MODLAUNCHER]: Initialized transformers for transformation service mixin
[048月2026 10:40:04.465] [main/DEBUG] [cpw.mods.modlauncher.TransformationServiceDecorator/MODLAUNCHER]: Initializing transformers for transformation service fml
[048月2026 10:40:04.465] [main/DEBUG] [net.minecraftforge.fml.loading.FMLServiceProvider/CORE]: Loading coremod transformers
[048月2026 10:40:04.465] [main/DEBUG] [net.minecraftforge.coremod.CoreModEngine/COREMOD]: Loading CoreMod from coremods/field_to_method.js
[048月2026 10:40:04.562] [main/DEBUG] [net.minecraftforge.coremod.CoreModEngine/COREMOD]: CoreMod loaded successfully
[048月2026 10:40:04.562] [main/DEBUG] [net.minecraftforge.coremod.CoreModEngine/COREMOD]: Loading CoreMod from coremods/field_to_instanceof.js
[048月2026 10:40:04.597] [main/DEBUG] [net.minecraftforge.coremod.CoreModEngine/COREMOD]: CoreMod loaded successfully
[048月2026 10:40:04.597] [main/DEBUG] [net.minecraftforge.coremod.CoreModEngine/COREMOD]: Loading CoreMod from coremods/add_bouncer_method.js
[048月2026 10:40:04.614] [main/DEBUG] [net.minecraftforge.coremod.CoreModEngine/COREMOD]: CoreMod loaded successfully
[048月2026 10:40:04.614] [main/DEBUG] [net.minecraftforge.coremod.CoreModEngine/COREMOD]: Loading CoreMod from coremods/method_redirector.js
[048月2026 10:40:04.657] [main/DEBUG] [net.minecraftforge.coremod.CoreModEngine/COREMOD]: CoreMod loaded successfully
[048月2026 10:40:04.663] [main/DEBUG] [cpw.mods.modlauncher.TransformStore/MODLAUNCHER]: Adding transformer net.minecraftforge.coremod.transformer.CoreModClassTransformer@40dee07b to Target : CLASS {Lnet/minecraft/world/level/biome/Biome;} {} {V}
[048月2026 10:40:04.663] [main/DEBUG] [cpw.mods.modlauncher.TransformStore/MODLAUNCHER]: Adding transformer net.minecraftforge.coremod.transformer.CoreModClassTransformer@131777e8 to Target : CLASS {Lnet/minecraft/world/level/levelgen/structure/Structure;} {} {V}
[048月2026 10:40:04.663] [main/DEBUG] [cpw.mods.modlauncher.TransformStore/MODLAUNCHER]: Adding transformer net.minecraftforge.coremod.transformer.CoreModClassTransformer@45790cb to Target : CLASS {Lnet/minecraft/world/effect/MobEffectInstance;} {} {V}
[048月2026 10:40:04.663] [main/DEBUG] [cpw.mods.modlauncher.TransformStore/MODLAUNCHER]: Adding transformer net.minecraftforge.coremod.transformer.CoreModClassTransformer@73a5d86c to Target : CLASS {Lnet/minecraft/world/level/block/LiquidBlock;} {} {V}
[048月2026 10:40:04.663] [main/DEBUG] [cpw.mods.modlauncher.TransformStore/MODLAUNCHER]: Adding transformer net.minecraftforge.coremod.transformer.CoreModClassTransformer@2cf88901 to Target : CLASS {Lnet/minecraft/world/item/BucketItem;} {} {V}
[048月2026 10:40:04.663] [main/DEBUG] [cpw.mods.modlauncher.TransformStore/MODLAUNCHER]: Adding transformer net.minecraftforge.coremod.transformer.CoreModClassTransformer@4780341 to Target : CLASS {Lnet/minecraft/world/level/block/StairBlock;} {} {V}
[048月2026 10:40:04.663] [main/DEBUG] [cpw.mods.modlauncher.TransformStore/MODLAUNCHER]: Adding transformer net.minecraftforge.coremod.transformer.CoreModClassTransformer@3c910acd to Target : CLASS {Lnet/minecraft/world/level/block/FlowerPotBlock;} {} {V}
[048月2026 10:40:04.663] [main/DEBUG] [cpw.mods.modlauncher.TransformStore/MODLAUNCHER]: Adding transformer net.minecraftforge.coremod.transformer.CoreModClassTransformer@612ac38b to Target : CLASS {Lnet/minecraft/world/item/ItemStack;} {} {V}
[048月2026 10:40:04.663] [main/DEBUG] [cpw.mods.modlauncher.TransformStore/MODLAUNCHER]: Adding transformer net.minecraftforge.coremod.transformer.CoreModClassTransformer@9f2fe2e to Target : CLASS {Lnet/minecraft/network/play/client/CClientSettingsPacket;} {} {V}
[048月2026 10:40:04.663] [main/DEBUG] [cpw.mods.modlauncher.TransformStore/MODLAUNCHER]: Adding transformer net.minecraftforge.coremod.transformer.CoreModClassTransformer@4dd4965a to Target : CLASS {Lnet/minecraft/world/level/levelgen/PhantomSpawner;} {} {V}
[048月2026 10:40:04.663] [main/DEBUG] [cpw.mods.modlauncher.TransformStore/MODLAUNCHER]: Adding transformer net.minecraftforge.coremod.transformer.CoreModClassTransformer@4dd4965a to Target : CLASS {Lnet/minecraft/world/level/levelgen/PatrolSpawner;} {} {V}
[048月2026 10:40:04.663] [main/DEBUG] [cpw.mods.modlauncher.TransformStore/MODLAUNCHER]: Adding transformer net.minecraftforge.coremod.transformer.CoreModClassTransformer@4dd4965a to Target : CLASS {Lnet/minecraft/world/level/levelgen/structure/templatesystem/StructureTemplate;} {} {V}
[048月2026 10:40:04.664] [main/DEBUG] [cpw.mods.modlauncher.TransformStore/MODLAUNCHER]: Adding transformer net.minecraftforge.coremod.transformer.CoreModClassTransformer@4dd4965a to Target : CLASS {Lnet/minecraft/server/commands/RaidCommand;} {} {V}
[048月2026 10:40:04.664] [main/DEBUG] [cpw.mods.modlauncher.TransformStore/MODLAUNCHER]: Adding transformer net.minecraftforge.coremod.transformer.CoreModClassTransformer@4dd4965a to Target : CLASS {Lnet/minecraft/world/entity/monster/Evoker$EvokerSummonSpellGoal;} {} {V}
[048月2026 10:40:04.664] [main/DEBUG] [cpw.mods.modlauncher.TransformStore/MODLAUNCHER]: Adding transformer net.minecraftforge.coremod.transformer.CoreModClassTransformer@4dd4965a to Target : CLASS {Lnet/minecraft/world/entity/monster/Spider;} {} {V}
[048月2026 10:40:04.664] [main/DEBUG] [cpw.mods.modlauncher.TransformStore/MODLAUNCHER]: Adding transformer net.minecraftforge.coremod.transformer.CoreModClassTransformer@4dd4965a to Target : CLASS {Lnet/minecraft/world/entity/raid/Raid;} {} {V}
[048月2026 10:40:04.664] [main/DEBUG] [cpw.mods.modlauncher.TransformStore/MODLAUNCHER]: Adding transformer net.minecraftforge.coremod.transformer.CoreModClassTransformer@4dd4965a to Target : CLASS {Lnet/minecraft/world/level/levelgen/structure/structures/OceanRuinPieces$OceanRuinPiece;} {} {V}
[048月2026 10:40:04.664] [main/DEBUG] [cpw.mods.modlauncher.TransformStore/MODLAUNCHER]: Adding transformer net.minecraftforge.coremod.transformer.CoreModClassTransformer@4dd4965a to Target : CLASS {Lnet/minecraft/world/entity/npc/Villager;} {} {V}
[048月2026 10:40:04.664] [main/DEBUG] [cpw.mods.modlauncher.TransformStore/MODLAUNCHER]: Adding transformer net.minecraftforge.coremod.transformer.CoreModClassTransformer@4dd4965a to Target : CLASS {Lnet/minecraft/world/level/levelgen/structure/structures/WoodlandMansionPieces$WoodlandMansionPiece;} {} {V}
[048月2026 10:40:04.664] [main/DEBUG] [cpw.mods.modlauncher.TransformStore/MODLAUNCHER]: Adding transformer net.minecraftforge.coremod.transformer.CoreModClassTransformer@4dd4965a to Target : CLASS {Lnet/minecraft/world/level/levelgen/structure/structures/SwampHutPiece;} {} {V}
[048月2026 10:40:04.664] [main/DEBUG] [cpw.mods.modlauncher.TransformStore/MODLAUNCHER]: Adding transformer net.minecraftforge.coremod.transformer.CoreModClassTransformer@4dd4965a to Target : CLASS {Lnet/minecraft/world/entity/animal/frog/Tadpole;} {} {V}
[048月2026 10:40:04.664] [main/DEBUG] [cpw.mods.modlauncher.TransformStore/MODLAUNCHER]: Adding transformer net.minecraftforge.coremod.transformer.CoreModClassTransformer@4dd4965a to Target : CLASS {Lnet/minecraft/world/entity/animal/horse/SkeletonTrapGoal;} {} {V}
[048月2026 10:40:04.664] [main/DEBUG] [cpw.mods.modlauncher.TransformStore/MODLAUNCHER]: Adding transformer net.minecraftforge.coremod.transformer.CoreModClassTransformer@4dd4965a to Target : CLASS {Lnet/minecraft/world/entity/EntityType;} {} {V}
[048月2026 10:40:04.664] [main/DEBUG] [cpw.mods.modlauncher.TransformStore/MODLAUNCHER]: Adding transformer net.minecraftforge.coremod.transformer.CoreModClassTransformer@4dd4965a to Target : CLASS {Lnet/minecraft/server/commands/SummonCommand;} {} {V}
[048月2026 10:40:04.664] [main/DEBUG] [cpw.mods.modlauncher.TransformStore/MODLAUNCHER]: Adding transformer net.minecraftforge.coremod.transformer.CoreModClassTransformer@4dd4965a to Target : CLASS {Lnet/minecraft/world/entity/monster/Strider;} {} {V}
[048月2026 10:40:04.664] [main/DEBUG] [cpw.mods.modlauncher.TransformStore/MODLAUNCHER]: Adding transformer net.minecraftforge.coremod.transformer.CoreModClassTransformer@4dd4965a to Target : CLASS {Lnet/minecraft/world/entity/monster/Zombie;} {} {V}
[048月2026 10:40:04.664] [main/DEBUG] [cpw.mods.modlauncher.TransformStore/MODLAUNCHER]: Adding transformer net.minecraftforge.coremod.transformer.CoreModClassTransformer@4dd4965a to Target : CLASS {Lnet/minecraft/world/entity/monster/ZombieVillager;} {} {V}
[048月2026 10:40:04.664] [main/DEBUG] [cpw.mods.modlauncher.TransformStore/MODLAUNCHER]: Adding transformer net.minecraftforge.coremod.transformer.CoreModClassTransformer@4dd4965a to Target : CLASS {Lnet/minecraft/world/entity/npc/CatSpawner;} {} {V}
[048月2026 10:40:04.664] [main/DEBUG] [cpw.mods.modlauncher.TransformStore/MODLAUNCHER]: Adding transformer net.minecraftforge.coremod.transformer.CoreModClassTransformer@4dd4965a to Target : CLASS {Lnet/minecraft/world/level/NaturalSpawner;} {} {V}
[048月2026 10:40:04.664] [main/DEBUG] [cpw.mods.modlauncher.TransformStore/MODLAUNCHER]: Adding transformer net.minecraftforge.coremod.transformer.CoreModClassTransformer@4dd4965a to Target : CLASS {Lnet/minecraft/world/entity/ai/village/VillageSiege;} {} {V}
[048月2026 10:40:04.664] [main/DEBUG] [cpw.mods.modlauncher.TransformStore/MODLAUNCHER]: Adding transformer net.minecraftforge.coremod.transformer.CoreModClassTransformer@4dd4965a to Target : CLASS {Lnet/minecraft/world/level/levelgen/structure/structures/OceanMonumentPieces$OceanMonumentPiece;} {} {V}
[048月2026 10:40:04.664] [main/DEBUG] [cpw.mods.modlauncher.TransformationServiceDecorator/MODLAUNCHER]: Initialized transformers for transformation service fml
[048月2026 10:40:04.664] [main/DEBUG] [cpw.mods.modlauncher.TransformationServiceDecorator/MODLAUNCHER]: Initializing transformers for transformation service I18nUpdateMod
[048月2026 10:40:04.664] [main/DEBUG] [cpw.mods.modlauncher.TransformationServiceDecorator/MODLAUNCHER]: Initialized transformers for transformation service I18nUpdateMod
[048月2026 10:40:04.800] [main/DEBUG] [mixin/]: Processing prepare() for PlatformAgent[MixinPlatformAgentDefault:ModLauncher Root Container(ModLauncher:4f56a0a2)]
[048月2026 10:40:04.800] [main/DEBUG] [mixin/]: Processing launch tasks for PlatformAgent[MixinPlatformAgentDefault:ModLauncher Root Container(ModLauncher:4f56a0a2)]
[048月2026 10:40:04.801] [main/DEBUG] [mixin/]: Adding mixin platform agents for container SecureJarResource(minecraft)
[048月2026 10:40:04.801] [main/DEBUG] [mixin/]: Instancing new MixinPlatformAgentMinecraftForge for SecureJarResource(minecraft)
[048月2026 10:40:04.801] [main/DEBUG] [mixin/]: MixinPlatformAgentMinecraftForge rejected container SecureJarResource(minecraft)
[048月2026 10:40:04.801] [main/DEBUG] [mixin/]: Instancing new MixinPlatformAgentDefault for SecureJarResource(minecraft)
[048月2026 10:40:04.801] [main/DEBUG] [mixin/]: MixinPlatformAgentDefault accepted container SecureJarResource(minecraft)
[048月2026 10:40:04.801] [main/DEBUG] [mixin/]: Processing prepare() for PlatformAgent[MixinPlatformAgentDefault:SecureJarResource(minecraft)]
[048月2026 10:40:04.801] [main/DEBUG] [mixin/]: Adding mixin platform agents for container SecureJarResource(forge)
[048月2026 10:40:04.801] [main/DEBUG] [mixin/]: Instancing new MixinPlatformAgentMinecraftForge for SecureJarResource(forge)
[048月2026 10:40:04.801] [main/DEBUG] [mixin/]: MixinPlatformAgentMinecraftForge rejected container SecureJarResource(forge)
[048月2026 10:40:04.801] [main/DEBUG] [mixin/]: Instancing new MixinPlatformAgentDefault for SecureJarResource(forge)
[048月2026 10:40:04.801] [main/DEBUG] [mixin/]: MixinPlatformAgentDefault accepted container SecureJarResource(forge)
[048月2026 10:40:04.801] [main/DEBUG] [mixin/]: Processing prepare() for PlatformAgent[MixinPlatformAgentDefault:SecureJarResource(forge)]
[048月2026 10:40:04.801] [main/DEBUG] [mixin/]: Adding mixin platform agents for container SecureJarResource(mclib)
[048月2026 10:40:04.801] [main/DEBUG] [mixin/]: Instancing new MixinPlatformAgentMinecraftForge for SecureJarResource(mclib)
[048月2026 10:40:04.801] [main/DEBUG] [mixin/]: MixinPlatformAgentMinecraftForge rejected container SecureJarResource(mclib)
[048月2026 10:40:04.801] [main/DEBUG] [mixin/]: Instancing new MixinPlatformAgentDefault for SecureJarResource(mclib)
[048月2026 10:40:04.801] [main/DEBUG] [mixin/]: MixinPlatformAgentDefault accepted container SecureJarResource(mclib)
[048月2026 10:40:04.801] [main/DEBUG] [mixin/]: Processing prepare() for PlatformAgent[MixinPlatformAgentDefault:SecureJarResource(mclib)]
[048月2026 10:40:04.801] [main/DEBUG] [mixin/]: Adding mixin platform agents for container SecureJarResource(luaj.core.figura)
[048月2026 10:40:04.801] [main/DEBUG] [mixin/]: Instancing new MixinPlatformAgentMinecraftForge for SecureJarResource(luaj.core.figura)
[048月2026 10:40:04.801] [main/DEBUG] [mixin/]: MixinPlatformAgentMinecraftForge rejected container SecureJarResource(luaj.core.figura)
[048月2026 10:40:04.801] [main/DEBUG] [mixin/]: Instancing new MixinPlatformAgentDefault for SecureJarResource(luaj.core.figura)
[048月2026 10:40:04.801] [main/DEBUG] [mixin/]: MixinPlatformAgentDefault accepted container SecureJarResource(luaj.core.figura)
[048月2026 10:40:04.801] [main/DEBUG] [mixin/]: Processing prepare() for PlatformAgent[MixinPlatformAgentDefault:SecureJarResource(luaj.core.figura)]
[048月2026 10:40:04.801] [main/DEBUG] [mixin/]: Adding mixin platform agents for container SecureJarResource(mixinextras)
[048月2026 10:40:04.801] [main/DEBUG] [mixin/]: Instancing new MixinPlatformAgentMinecraftForge for SecureJarResource(mixinextras)
[048月2026 10:40:04.801] [main/DEBUG] [mixin/]: MixinPlatformAgentMinecraftForge rejected container SecureJarResource(mixinextras)
[048月2026 10:40:04.801] [main/DEBUG] [mixin/]: Instancing new MixinPlatformAgentDefault for SecureJarResource(mixinextras)
[048月2026 10:40:04.801] [main/DEBUG] [mixin/]: MixinPlatformAgentDefault accepted container SecureJarResource(mixinextras)
[048月2026 10:40:04.801] [main/DEBUG] [mixin/]: Processing prepare() for PlatformAgent[MixinPlatformAgentDefault:SecureJarResource(mixinextras)]
[048月2026 10:40:04.801] [main/DEBUG] [mixin/]: Registering mixin config: mixinextras.init.mixins.json
[048月2026 10:40:04.809] [main/DEBUG] [mixin/]: Adding mixin platform agents for container SecureJarResource(jcpp)
[048月2026 10:40:04.809] [main/DEBUG] [mixin/]: Instancing new MixinPlatformAgentMinecraftForge for SecureJarResource(jcpp)
[048月2026 10:40:04.809] [main/DEBUG] [mixin/]: MixinPlatformAgentMinecraftForge rejected container SecureJarResource(jcpp)
[048月2026 10:40:04.809] [main/DEBUG] [mixin/]: Instancing new MixinPlatformAgentDefault for SecureJarResource(jcpp)
[048月2026 10:40:04.809] [main/DEBUG] [mixin/]: MixinPlatformAgentDefault accepted container SecureJarResource(jcpp)
[048月2026 10:40:04.809] [main/DEBUG] [mixin/]: Processing prepare() for PlatformAgent[MixinPlatformAgentDefault:SecureJarResource(jcpp)]
[048月2026 10:40:04.809] [main/DEBUG] [mixin/]: Adding mixin platform agents for container SecureJarResource(mixinsquared)
[048月2026 10:40:04.809] [main/DEBUG] [mixin/]: Instancing new MixinPlatformAgentMinecraftForge for SecureJarResource(mixinsquared)
[048月2026 10:40:04.809] [main/DEBUG] [mixin/]: MixinPlatformAgentMinecraftForge rejected container SecureJarResource(mixinsquared)
[048月2026 10:40:04.809] [main/DEBUG] [mixin/]: Instancing new MixinPlatformAgentDefault for SecureJarResource(mixinsquared)
[048月2026 10:40:04.809] [main/DEBUG] [mixin/]: MixinPlatformAgentDefault accepted container SecureJarResource(mixinsquared)
[048月2026 10:40:04.809] [main/DEBUG] [mixin/]: Processing prepare() for PlatformAgent[MixinPlatformAgentDefault:SecureJarResource(mixinsquared)]
[048月2026 10:40:04.809] [main/DEBUG] [mixin/]: Registering mixin config: mixinsquared.init.mixins.json
[048月2026 10:40:04.809] [main/DEBUG] [mixin/]: Adding mixin platform agents for container SecureJarResource(mae)
[048月2026 10:40:04.809] [main/DEBUG] [mixin/]: Instancing new MixinPlatformAgentMinecraftForge for SecureJarResource(mae)
[048月2026 10:40:04.809] [main/DEBUG] [mixin/]: MixinPlatformAgentMinecraftForge rejected container SecureJarResource(mae)
[048月2026 10:40:04.809] [main/DEBUG] [mixin/]: Instancing new MixinPlatformAgentDefault for SecureJarResource(mae)
[048月2026 10:40:04.809] [main/DEBUG] [mixin/]: MixinPlatformAgentDefault accepted container SecureJarResource(mae)
[048月2026 10:40:04.809] [main/DEBUG] [mixin/]: Processing prepare() for PlatformAgent[MixinPlatformAgentDefault:SecureJarResource(mae)]
[048月2026 10:40:04.809] [main/DEBUG] [mixin/]: Adding mixin platform agents for container SecureJarResource(luaj.jse.figura)
[048月2026 10:40:04.809] [main/DEBUG] [mixin/]: Instancing new MixinPlatformAgentMinecraftForge for SecureJarResource(luaj.jse.figura)
[048月2026 10:40:04.809] [main/DEBUG] [mixin/]: MixinPlatformAgentMinecraftForge rejected container SecureJarResource(luaj.jse.figura)
[048月2026 10:40:04.809] [main/DEBUG] [mixin/]: Instancing new MixinPlatformAgentDefault for SecureJarResource(luaj.jse.figura)
[048月2026 10:40:04.809] [main/DEBUG] [mixin/]: MixinPlatformAgentDefault accepted container SecureJarResource(luaj.jse.figura)
[048月2026 10:40:04.809] [main/DEBUG] [mixin/]: Processing prepare() for PlatformAgent[MixinPlatformAgentDefault:SecureJarResource(luaj.jse.figura)]
[048月2026 10:40:04.809] [main/DEBUG] [mixin/]: Adding mixin platform agents for container SecureJarResource(org.apache.bcel)
[048月2026 10:40:04.809] [main/DEBUG] [mixin/]: Instancing new MixinPlatformAgentMinecraftForge for SecureJarResource(org.apache.bcel)
[048月2026 10:40:04.809] [main/DEBUG] [mixin/]: MixinPlatformAgentMinecraftForge rejected container SecureJarResource(org.apache.bcel)
[048月2026 10:40:04.809] [main/DEBUG] [mixin/]: Instancing new MixinPlatformAgentDefault for SecureJarResource(org.apache.bcel)
[048月2026 10:40:04.809] [main/DEBUG] [mixin/]: MixinPlatformAgentDefault accepted container SecureJarResource(org.apache.bcel)
[048月2026 10:40:04.809] [main/DEBUG] [mixin/]: Processing prepare() for PlatformAgent[MixinPlatformAgentDefault:SecureJarResource(org.apache.bcel)]
[048月2026 10:40:04.809] [main/DEBUG] [mixin/]: Adding mixin platform agents for container SecureJarResource(MixinSquared)
[048月2026 10:40:04.809] [main/DEBUG] [mixin/]: Instancing new MixinPlatformAgentMinecraftForge for SecureJarResource(MixinSquared)
[048月2026 10:40:04.809] [main/DEBUG] [mixin/]: MixinPlatformAgentMinecraftForge rejected container SecureJarResource(MixinSquared)
[048月2026 10:40:04.809] [main/DEBUG] [mixin/]: Instancing new MixinPlatformAgentDefault for SecureJarResource(MixinSquared)
[048月2026 10:40:04.809] [main/DEBUG] [mixin/]: MixinPlatformAgentDefault accepted container SecureJarResource(MixinSquared)
[048月2026 10:40:04.809] [main/DEBUG] [mixin/]: Processing prepare() for PlatformAgent[MixinPlatformAgentDefault:SecureJarResource(MixinSquared)]
[048月2026 10:40:04.809] [main/DEBUG] [mixin/]: Adding mixin platform agents for container SecureJarResource(MixinExtras)
[048月2026 10:40:04.809] [main/DEBUG] [mixin/]: Instancing new MixinPlatformAgentMinecraftForge for SecureJarResource(MixinExtras)
[048月2026 10:40:04.809] [main/DEBUG] [mixin/]: MixinPlatformAgentMinecraftForge rejected container SecureJarResource(MixinExtras)
[048月2026 10:40:04.809] [main/DEBUG] [mixin/]: Instancing new MixinPlatformAgentDefault for SecureJarResource(MixinExtras)
[048月2026 10:40:04.809] [main/DEBUG] [mixin/]: MixinPlatformAgentDefault accepted container SecureJarResource(MixinExtras)
[048月2026 10:40:04.809] [main/DEBUG] [mixin/]: Processing prepare() for PlatformAgent[MixinPlatformAgentDefault:SecureJarResource(MixinExtras)]
[048月2026 10:40:04.809] [main/DEBUG] [mixin/]: Adding mixin platform agents for container SecureJarResource(commons.math3)
[048月2026 10:40:04.809] [main/DEBUG] [mixin/]: Instancing new MixinPlatformAgentMinecraftForge for SecureJarResource(commons.math3)
[048月2026 10:40:04.809] [main/DEBUG] [mixin/]: MixinPlatformAgentMinecraftForge rejected container SecureJarResource(commons.math3)
[048月2026 10:40:04.809] [main/DEBUG] [mixin/]: Instancing new MixinPlatformAgentDefault for SecureJarResource(commons.math3)
[048月2026 10:40:04.809] [main/DEBUG] [mixin/]: MixinPlatformAgentDefault accepted container SecureJarResource(commons.math3)
[048月2026 10:40:04.809] [main/DEBUG] [mixin/]: Processing prepare() for PlatformAgent[MixinPlatformAgentDefault:SecureJarResource(commons.math3)]
[048月2026 10:40:04.809] [main/DEBUG] [mixin/]: inject() running with 14 agents
[048月2026 10:40:04.809] [main/DEBUG] [mixin/]: Processing inject() for PlatformAgent[MixinPlatformAgentDefault:ModLauncher Root Container(ModLauncher:4f56a0a2)]
[048月2026 10:40:04.809] [main/DEBUG] [mixin/]: Processing inject() for PlatformAgent[MixinPlatformAgentDefault:SecureJarResource(minecraft)]
[048月2026 10:40:04.809] [main/DEBUG] [mixin/]: Processing inject() for PlatformAgent[MixinPlatformAgentDefault:SecureJarResource(forge)]
[048月2026 10:40:04.809] [main/DEBUG] [mixin/]: Processing inject() for PlatformAgent[MixinPlatformAgentDefault:SecureJarResource(mclib)]
[048月2026 10:40:04.809] [main/DEBUG] [mixin/]: Processing inject() for PlatformAgent[MixinPlatformAgentDefault:SecureJarResource(luaj.core.figura)]
[048月2026 10:40:04.809] [main/DEBUG] [mixin/]: Processing inject() for PlatformAgent[MixinPlatformAgentDefault:SecureJarResource(mixinextras)]
[048月2026 10:40:04.809] [main/DEBUG] [mixin/]: Processing inject() for PlatformAgent[MixinPlatformAgentDefault:SecureJarResource(jcpp)]
[048月2026 10:40:04.809] [main/DEBUG] [mixin/]: Processing inject() for PlatformAgent[MixinPlatformAgentDefault:SecureJarResource(mixinsquared)]
[048月2026 10:40:04.809] [main/DEBUG] [mixin/]: Processing inject() for PlatformAgent[MixinPlatformAgentDefault:SecureJarResource(mae)]
[048月2026 10:40:04.809] [main/DEBUG] [mixin/]: Processing inject() for PlatformAgent[MixinPlatformAgentDefault:SecureJarResource(luaj.jse.figura)]
[048月2026 10:40:04.809] [main/DEBUG] [mixin/]: Processing inject() for PlatformAgent[MixinPlatformAgentDefault:SecureJarResource(org.apache.bcel)]
[048月2026 10:40:04.809] [main/DEBUG] [mixin/]: Processing inject() for PlatformAgent[MixinPlatformAgentDefault:SecureJarResource(MixinSquared)]
[048月2026 10:40:04.809] [main/DEBUG] [mixin/]: Processing inject() for PlatformAgent[MixinPlatformAgentDefault:SecureJarResource(MixinExtras)]
[048月2026 10:40:04.809] [main/DEBUG] [mixin/]: Processing inject() for PlatformAgent[MixinPlatformAgentDefault:SecureJarResource(commons.math3)]
[048月2026 10:40:04.811] [main/INFO] [cpw.mods.modlauncher.LaunchServiceHandler/MODLAUNCHER]: Launching target 'forgeclient' with arguments [--version, 测试MOD, --gameDir, D:\game\mc\.minecraft\versions\测试MOD, --assetsDir, D:\game\mc\.minecraft\assets, --uuid, 7910c30aeb484139ae9b8b0ce7fc4aae, --username, YZYHDG, --assetIndex, 5, --accessToken, ????????, --clientId, ${clientid}, --xuid, ${auth_xuid}, --userType, msa, --versionType, PCL, --width, 854, --height, 480, --fullscreen]
[048月2026 10:40:04.827] [main/DEBUG] [mixin/]: Error cleaning class output directory: .mixin.out
[048月2026 10:40:04.828] [main/DEBUG] [mixin/]: Preparing mixins for MixinEnvironment[DEFAULT]
[048月2026 10:40:04.828] [main/DEBUG] [mixin/]: Selecting config mixinextras.init.mixins.json
[048月2026 10:40:04.858] [main/DEBUG] [MixinExtras|Service/]: com.llamalad7.mixinextras.service.MixinExtrasServiceImpl(version=0.5.4) is taking over from null
[048月2026 10:40:04.877] [main/DEBUG] [mixin/]: Registering new injector for @Inject with org.spongepowered.asm.mixin.injection.struct.CallbackInjectionInfo
[048月2026 10:40:04.877] [main/DEBUG] [mixin/]: Registering new injector for @ModifyArg with org.spongepowered.asm.mixin.injection.struct.ModifyArgInjectionInfo
[048月2026 10:40:04.879] [main/DEBUG] [mixin/]: Registering new injector for @ModifyArgs with org.spongepowered.asm.mixin.injection.struct.ModifyArgsInjectionInfo
[048月2026 10:40:04.880] [main/DEBUG] [mixin/]: Registering new injector for @Redirect with org.spongepowered.asm.mixin.injection.struct.RedirectInjectionInfo
[048月2026 10:40:04.881] [main/DEBUG] [mixin/]: Registering new injector for @ModifyVariable with org.spongepowered.asm.mixin.injection.struct.ModifyVariableInjectionInfo
[048月2026 10:40:04.881] [main/DEBUG] [mixin/]: Registering new injector for @ModifyConstant with org.spongepowered.asm.mixin.injection.struct.ModifyConstantInjectionInfo
[048月2026 10:40:04.887] [main/DEBUG] [mixin/]: Selecting config mixinsquared.init.mixins.json
[048月2026 10:40:04.893] [main/DEBUG] [mixin/]: Registering new target selector for @mixinsquared:handler with com.bawnorton.mixinsquared.selector.DynamicSelectorHandler
[048月2026 10:40:04.895] [main/DEBUG] [mixin/]: Preparing mixinextras.init.mixins.json (0)
[048月2026 10:40:04.900] [main/DEBUG] [mixin/]: Preparing mixinsquared.init.mixins.json (0)
[048月2026 10:40:05.028] [main/DEBUG] [io.netty.util.internal.logging.InternalLoggerFactory/]: Using SLF4J as the default logging framework
[048月2026 10:40:05.030] [main/DEBUG] [io.netty.util.ResourceLeakDetector/]: -Dio.netty.leakDetection.level: simple
[048月2026 10:40:05.030] [main/DEBUG] [io.netty.util.ResourceLeakDetector/]: -Dio.netty.leakDetection.targetRecords: 4
[048月2026 10:40:05.100] [main/DEBUG] [oshi.util.FileUtil/]: No oshi.properties file found from ClassLoader cpw.mods.modlauncher.TransformingClassLoader@54b2d002
[048月2026 10:40:05.401] [main/DEBUG] [oshi.util.FileUtil/]: No oshi.architecture.properties file found from ClassLoader cpw.mods.modlauncher.TransformingClassLoader@54b2d002
[048月2026 10:40:05.904] [pool-5-thread-1/DEBUG] [net.minecraftforge.coremod.transformer.CoreModBaseTransformer/COREMOD]: Transforming net/minecraft/world/entity/EntityType
[048月2026 10:40:06.099] [pool-5-thread-1/DEBUG] [net.minecraftforge.coremod.transformer.CoreModBaseTransformer/COREMOD]: Transforming net/minecraft/world/level/block/LiquidBlock
[048月2026 10:40:06.125] [pool-5-thread-1/DEBUG] [net.minecraftforge.coremod.transformer.CoreModBaseTransformer/COREMOD]: Transforming net/minecraft/world/level/block/StairBlock
[048月2026 10:40:06.162] [pool-5-thread-1/DEBUG] [net.minecraftforge.coremod.transformer.CoreModBaseTransformer/COREMOD]: Transforming net/minecraft/world/level/block/FlowerPotBlock
[048月2026 10:40:06.506] [pool-5-thread-1/DEBUG] [net.minecraftforge.coremod.transformer.CoreModBaseTransformer/COREMOD]: Transforming net/minecraft/world/item/ItemStack
[048月2026 10:40:06.779] [pool-5-thread-1/DEBUG] [net.minecraftforge.coremod.transformer.CoreModBaseTransformer/COREMOD]: Transforming net/minecraft/world/entity/animal/frog/Tadpole
[048月2026 10:40:06.803] [pool-5-thread-1/DEBUG] [net.minecraftforge.coremod.transformer.CoreModBaseTransformer/COREMOD]: Transforming net/minecraft/world/item/BucketItem
[048月2026 10:40:07.178] [pool-5-thread-1/DEBUG] [net.minecraftforge.coremod.transformer.CoreModBaseTransformer/COREMOD]: Transforming net/minecraft/world/entity/monster/Spider
[048月2026 10:40:07.209] [pool-5-thread-1/DEBUG] [net.minecraftforge.coremod.transformer.CoreModBaseTransformer/COREMOD]: Transforming net/minecraft/world/entity/monster/Zombie
[048月2026 10:40:07.209] [Datafixer Bootstrap/INFO] [com.mojang.datafixers.DataFixerBuilder/]: 188 Datafixer optimizations took 81 milliseconds
[048月2026 10:40:07.224] [pool-5-thread-1/DEBUG] [net.minecraftforge.coremod.transformer.CoreModBaseTransformer/COREMOD]: Transforming net/minecraft/world/entity/monster/ZombieVillager
[048月2026 10:40:07.252] [pool-5-thread-1/DEBUG] [net.minecraftforge.coremod.transformer.CoreModBaseTransformer/COREMOD]: Transforming net/minecraft/world/entity/monster/Evoker$EvokerSummonSpellGoal
[048月2026 10:40:07.331] [pool-5-thread-1/DEBUG] [net.minecraftforge.coremod.transformer.CoreModBaseTransformer/COREMOD]: Transforming net/minecraft/world/entity/animal/horse/SkeletonTrapGoal
[048月2026 10:40:07.342] [pool-5-thread-1/DEBUG] [net.minecraftforge.coremod.transformer.CoreModBaseTransformer/COREMOD]: Transforming net/minecraft/world/entity/monster/Strider
[048月2026 10:40:07.393] [pool-5-thread-1/DEBUG] [net.minecraftforge.coremod.transformer.CoreModBaseTransformer/COREMOD]: Transforming net/minecraft/world/entity/npc/Villager
[048月2026 10:40:07.429] [pool-5-thread-1/DEBUG] [net.minecraftforge.coremod.transformer.CoreModBaseTransformer/COREMOD]: Transforming net/minecraft/world/effect/MobEffectInstance
[048月2026 10:40:07.691] [pool-5-thread-1/DEBUG] [net.minecraftforge.coremod.transformer.CoreModBaseTransformer/COREMOD]: Transforming net/minecraft/world/level/levelgen/structure/Structure
[048月2026 10:40:07.710] [pool-5-thread-1/DEBUG] [net.minecraftforge.coremod.transformer.CoreModBaseTransformer/COREMOD]: Transforming net/minecraft/world/level/levelgen/structure/structures/OceanRuinPieces$OceanRuinPiece
[048月2026 10:40:07.714] [pool-5-thread-1/DEBUG] [net.minecraftforge.coremod.transformer.CoreModBaseTransformer/COREMOD]: Transforming net/minecraft/world/level/levelgen/structure/structures/SwampHutPiece
[048月2026 10:40:07.718] [pool-5-thread-1/DEBUG] [net.minecraftforge.coremod.transformer.CoreModBaseTransformer/COREMOD]: Transforming net/minecraft/world/level/levelgen/structure/structures/OceanMonumentPieces$OceanMonumentPiece
[048月2026 10:40:07.724] [pool-5-thread-1/DEBUG] [net.minecraftforge.coremod.transformer.CoreModBaseTransformer/COREMOD]: Transforming net/minecraft/world/level/levelgen/structure/structures/WoodlandMansionPieces$WoodlandMansionPiece
[048月2026 10:40:07.771] [pool-5-thread-1/DEBUG] [net.minecraftforge.coremod.transformer.CoreModBaseTransformer/COREMOD]: Transforming net/minecraft/world/level/biome/Biome
[048月2026 10:40:07.903] [pool-5-thread-1/DEBUG] [io.netty.util.internal.PlatformDependent0/]: -Dio.netty.noUnsafe: false
[048月2026 10:40:07.903] [pool-5-thread-1/DEBUG] [io.netty.util.internal.PlatformDependent0/]: Java version: 25
[048月2026 10:40:07.904] [pool-5-thread-1/DEBUG] [io.netty.util.internal.PlatformDependent0/]: sun.misc.Unsafe.theUnsafe: available
[048月2026 10:40:07.904] [pool-5-thread-1/DEBUG] [io.netty.util.internal.PlatformDependent0/]: sun.misc.Unsafe.copyMemory: available
[048月2026 10:40:07.904] [pool-5-thread-1/DEBUG] [io.netty.util.internal.PlatformDependent0/]: sun.misc.Unsafe.storeFence: available
[048月2026 10:40:07.905] [pool-5-thread-1/DEBUG] [io.netty.util.internal.PlatformDependent0/]: java.nio.Buffer.address: available
[048月2026 10:40:07.905] [pool-5-thread-1/DEBUG] [io.netty.util.internal.PlatformDependent0/]: direct buffer constructor: unavailable
java.lang.NoSuchMethodException: java.nio.DirectByteBuffer.<init>(long,int)
	at java.lang.Class.getConstructor0(Class.java:3187) ~[?:?]
	at java.lang.Class.getDeclaredConstructor(Class.java:2491) ~[?:?]
	at io.netty.util.internal.PlatformDependent0$5.run(PlatformDependent0.java:287) ~[netty-common-4.1.82.Final.jar%23102!/:4.1.82.Final]
	at java.security.AccessController.doPrivileged(AccessController.java:74) ~[?:?]
	at io.netty.util.internal.PlatformDependent0.<clinit>(PlatformDependent0.java:282) ~[netty-common-4.1.82.Final.jar%23102!/:4.1.82.Final]
	at io.netty.util.internal.PlatformDependent.isAndroid(PlatformDependent.java:333) ~[netty-common-4.1.82.Final.jar%23102!/:4.1.82.Final]
	at io.netty.util.internal.PlatformDependent.<clinit>(PlatformDependent.java:88) ~[netty-common-4.1.82.Final.jar%23102!/:4.1.82.Final]
	at io.netty.util.ConstantPool.<init>(ConstantPool.java:34) ~[netty-common-4.1.82.Final.jar%23102!/:4.1.82.Final]
	at io.netty.util.AttributeKey$1.<init>(AttributeKey.java:27) ~[netty-common-4.1.82.Final.jar%23102!/:4.1.82.Final]
	at io.netty.util.AttributeKey.<clinit>(AttributeKey.java:27) ~[netty-common-4.1.82.Final.jar%23102!/:4.1.82.Final]
	at net.minecraftforge.network.NetworkConstants.<clinit>(NetworkConstants.java:34) ~[forge-1.20.1-47.4.20-universal.jar%23311!/:?]
	at net.minecraftforge.network.NetworkHooks.init(NetworkHooks.java:52) ~[forge-1.20.1-47.4.20-universal.jar%23311!/:?]
	at net.minecraft.server.Bootstrap.m_135870_(Bootstrap.java:62) ~[client-1.20.1-20230612.114412-srg.jar%23306!/:?]
	at net.minecraft.client.main.Main.lambda$main$0(Main.java:151) ~[client-1.20.1-20230612.114412-srg.jar%23306!/:?]
	at java.util.concurrent.Executors$RunnableAdapter.call(Executors.java:545) ~[?:?]
	at java.util.concurrent.FutureTask.run(FutureTask.java:328) ~[?:?]
	at java.util.concurrent.ThreadPoolExecutor.runWorker(ThreadPoolExecutor.java:1090) ~[?:?]
	at java.util.concurrent.ThreadPoolExecutor$Worker.run(ThreadPoolExecutor.java:614) ~[?:?]
	at java.lang.Thread.run(Thread.java:1474) ~[?:?]
[048月2026 10:40:07.905] [pool-5-thread-1/DEBUG] [io.netty.util.internal.PlatformDependent0/]: java.nio.Bits.unaligned: available, true
[048月2026 10:40:07.906] [pool-5-thread-1/DEBUG] [io.netty.util.internal.PlatformDependent0/]: jdk.internal.misc.Unsafe.allocateUninitializedArray(int): unavailable
java.lang.IllegalAccessException: class io.netty.util.internal.PlatformDependent0$7 (in module io.netty.common) cannot access class jdk.internal.misc.Unsafe (in module java.base) because module java.base does not export jdk.internal.misc to module io.netty.common
	at jdk.internal.reflect.Reflection.newIllegalAccessException(Reflection.java:400) ~[?:?]
	at java.lang.reflect.AccessibleObject.checkAccess(AccessibleObject.java:670) ~[?:?]
	at java.lang.reflect.Method.invoke(Method.java:556) ~[?:?]
	at io.netty.util.internal.PlatformDependent0$7.run(PlatformDependent0.java:410) ~[netty-common-4.1.82.Final.jar%23102!/:4.1.82.Final]
	at java.security.AccessController.doPrivileged(AccessController.java:74) ~[?:?]
	at io.netty.util.internal.PlatformDependent0.<clinit>(PlatformDependent0.java:401) ~[netty-common-4.1.82.Final.jar%23102!/:4.1.82.Final]
	at io.netty.util.internal.PlatformDependent.isAndroid(PlatformDependent.java:333) ~[netty-common-4.1.82.Final.jar%23102!/:4.1.82.Final]
	at io.netty.util.internal.PlatformDependent.<clinit>(PlatformDependent.java:88) ~[netty-common-4.1.82.Final.jar%23102!/:4.1.82.Final]
	at io.netty.util.ConstantPool.<init>(ConstantPool.java:34) ~[netty-common-4.1.82.Final.jar%23102!/:4.1.82.Final]
	at io.netty.util.AttributeKey$1.<init>(AttributeKey.java:27) ~[netty-common-4.1.82.Final.jar%23102!/:4.1.82.Final]
	at io.netty.util.AttributeKey.<clinit>(AttributeKey.java:27) ~[netty-common-4.1.82.Final.jar%23102!/:4.1.82.Final]
	at net.minecraftforge.network.NetworkConstants.<clinit>(NetworkConstants.java:34) ~[forge-1.20.1-47.4.20-universal.jar%23311!/:?]
	at net.minecraftforge.network.NetworkHooks.init(NetworkHooks.java:52) ~[forge-1.20.1-47.4.20-universal.jar%23311!/:?]
	at net.minecraft.server.Bootstrap.m_135870_(Bootstrap.java:62) ~[client-1.20.1-20230612.114412-srg.jar%23306!/:?]
	at net.minecraft.client.main.Main.lambda$main$0(Main.java:151) ~[client-1.20.1-20230612.114412-srg.jar%23306!/:?]
	at java.util.concurrent.Executors$RunnableAdapter.call(Executors.java:545) ~[?:?]
	at java.util.concurrent.FutureTask.run(FutureTask.java:328) ~[?:?]
	at java.util.concurrent.ThreadPoolExecutor.runWorker(ThreadPoolExecutor.java:1090) ~[?:?]
	at java.util.concurrent.ThreadPoolExecutor$Worker.run(ThreadPoolExecutor.java:614) ~[?:?]
	at java.lang.Thread.run(Thread.java:1474) ~[?:?]
[048月2026 10:40:07.906] [pool-5-thread-1/DEBUG] [io.netty.util.internal.PlatformDependent0/]: java.nio.DirectByteBuffer.<init>(long, int): unavailable
[048月2026 10:40:07.906] [pool-5-thread-1/DEBUG] [io.netty.util.internal.PlatformDependent/]: sun.misc.Unsafe: available
[048月2026 10:40:07.906] [pool-5-thread-1/DEBUG] [io.netty.util.internal.PlatformDependent/]: maxDirectMemory: 7113539584 bytes (maybe)
[048月2026 10:40:07.906] [pool-5-thread-1/DEBUG] [io.netty.util.internal.PlatformDependent/]: -Dio.netty.tmpdir: C:\Users\********\AppData\Local\Temp (java.io.tmpdir)
[048月2026 10:40:07.906] [pool-5-thread-1/DEBUG] [io.netty.util.internal.PlatformDependent/]: -Dio.netty.bitMode: 64 (sun.arch.data.model)
[048月2026 10:40:07.908] [pool-5-thread-1/DEBUG] [io.netty.util.internal.PlatformDependent/]: Platform: Windows
[048月2026 10:40:07.908] [pool-5-thread-1/DEBUG] [io.netty.util.internal.PlatformDependent/]: -Dio.netty.maxDirectMemory: -1 bytes
[048月2026 10:40:07.908] [pool-5-thread-1/DEBUG] [io.netty.util.internal.PlatformDependent/]: -Dio.netty.uninitializedArrayAllocationThreshold: -1
[048月2026 10:40:07.909] [pool-5-thread-1/DEBUG] [io.netty.util.internal.CleanerJava9/]: java.nio.ByteBuffer.cleaner(): available
[048月2026 10:40:07.909] [pool-5-thread-1/DEBUG] [io.netty.util.internal.PlatformDependent/]: -Dio.netty.noPreferDirect: false
[048月2026 10:40:07.945] [pool-5-thread-1/DEBUG] [net.minecraftforge.network.NetworkHooks/]: Loading Network data for FML net version: FML3
[048月2026 10:40:08.101] [Render thread/WARN] [net.minecraft.server.packs.VanillaPackResourcesBuilder/]: Assets URL 'union:/D:/game/mc/.minecraft/libraries/net/minecraft/client/1.20.1-20230612.114412/client-1.20.1-20230612.114412-srg.jar%23306!/assets/.mcassetsroot' uses unexpected schema
[048月2026 10:40:08.101] [Render thread/WARN] [net.minecraft.server.packs.VanillaPackResourcesBuilder/]: Assets URL 'union:/D:/game/mc/.minecraft/libraries/net/minecraft/client/1.20.1-20230612.114412/client-1.20.1-20230612.114412-srg.jar%23306!/data/.mcassetsroot' uses unexpected schema
[048月2026 10:40:08.168] [Render thread/INFO] [com.mojang.authlib.yggdrasil.YggdrasilAuthenticationService/]: Environment: authHost='https://authserver.mojang.com', accountsHost='https://api.mojang.com', sessionHost='https://sessionserver.mojang.com', servicesHost='https://api.minecraftservices.com', name='PROD'
[048月2026 10:40:09.226] [Render thread/INFO] [net.minecraft.client.Minecraft/]: Setting user: YZYHDG
[048月2026 10:40:09.270] [Render thread/INFO] [net.minecraft.client.Minecraft/]: Backend library: LWJGL version 3.3.1 build 7
[048月2026 10:40:09.384] [Render thread/DEBUG] [net.minecraftforge.common.ForgeI18n/CORE]: Loading I18N data entries: 6434
[048月2026 10:40:09.395] [Render thread/DEBUG] [net.minecraftforge.fml.ModWorkManager/LOADING]: Using 32 threads for parallel mod-loading
[048月2026 10:40:09.401] [Render thread/FATAL] [net.minecraftforge.fml.ModLoader/CORE]: Error during pre-loading phase
net.minecraftforge.fml.ModLoadingException: Mod §eftbquests§r requires §6minecraft§r §o1.19.2 or above, and below 1.20§r
§7Currently, §6minecraft§r§7 is §o1.20.1
	at net.minecraftforge.fml.ModLoadingException.lambda$fromEarlyException$0(ModLoadingException.java:50) ~[fmlcore-1.20.1-47.4.20.jar%23307!/:?]
	at java.util.stream.ReferencePipeline$3$1.accept(ReferencePipeline.java:214) ~[?:?]
	at java.util.AbstractList$RandomAccessSpliterator.forEachRemaining(AbstractList.java:722) ~[?:?]
	at java.util.stream.AbstractPipeline.copyInto(AbstractPipeline.java:570) ~[?:?]
	at java.util.stream.AbstractPipeline.wrapAndCopyInto(AbstractPipeline.java:560) ~[?:?]
	at java.util.stream.ForEachOps$ForEachOp.evaluateSequential(ForEachOps.java:153) ~[?:?]
	at java.util.stream.ForEachOps$ForEachOp$OfRef.evaluateSequential(ForEachOps.java:176) ~[?:?]
	at java.util.stream.AbstractPipeline.evaluate(AbstractPipeline.java:265) ~[?:?]
	at java.util.stream.ReferencePipeline.forEach(ReferencePipeline.java:632) ~[?:?]
	at java.util.stream.ReferencePipeline$7$1FlatMap.accept(ReferencePipeline.java:293) ~[?:?]
	at java.util.ArrayList$ArrayListSpliterator.forEachRemaining(ArrayList.java:1716) ~[?:?]
	at java.util.stream.AbstractPipeline.copyInto(AbstractPipeline.java:570) ~[?:?]
	at java.util.stream.AbstractPipeline.wrapAndCopyInto(AbstractPipeline.java:560) ~[?:?]
	at java.util.stream.ReduceOps$ReduceOp.evaluateSequential(ReduceOps.java:921) ~[?:?]
	at java.util.stream.AbstractPipeline.evaluate(AbstractPipeline.java:265) ~[?:?]
	at java.util.stream.ReferencePipeline.collect(ReferencePipeline.java:723) ~[?:?]
	at net.minecraftforge.fml.ModLoader.<init>(ModLoader.java:96) ~[fmlcore-1.20.1-47.4.20.jar%23307!/:?]
	at net.minecraftforge.fml.ModLoader.get(ModLoader.java:128) ~[fmlcore-1.20.1-47.4.20.jar%23307!/:?]
	at net.minecraftforge.client.loading.ClientModLoader.lambda$begin$1(ClientModLoader.java:66) ~[forge-1.20.1-47.4.20-universal.jar%23311!/:?]
	at net.minecraftforge.client.loading.ClientModLoader.lambda$createRunnableWithCatch$4(ClientModLoader.java:86) ~[forge-1.20.1-47.4.20-universal.jar%23311!/:?]
	at net.minecraftforge.client.loading.ClientModLoader.begin(ClientModLoader.java:66) ~[forge-1.20.1-47.4.20-universal.jar%23311!/:?]
	at net.minecraft.client.Minecraft.<init>(Minecraft.java:459) ~[client-1.20.1-20230612.114412-srg.jar%23306!/:?]
	at net.minecraft.client.main.Main.main(Main.java:182) ~[%e6%b5%8b%e8%af%95MOD.jar:?]
	at jdk.internal.reflect.DirectMethodHandleAccessor.invoke(DirectMethodHandleAccessor.java:104) ~[?:?]
	at java.lang.reflect.Method.invoke(Method.java:565) ~[?:?]
	at net.minecraftforge.fml.loading.targets.CommonLaunchHandler.runTarget(CommonLaunchHandler.java:111) ~[fmlloader-1.20.1-47.4.20.jar:?]
	at net.minecraftforge.fml.loading.targets.CommonLaunchHandler.clientService(CommonLaunchHandler.java:99) ~[fmlloader-1.20.1-47.4.20.jar:?]
	at net.minecraftforge.fml.loading.targets.CommonClientLaunchHandler.lambda$makeService$0(CommonClientLaunchHandler.java:25) ~[fmlloader-1.20.1-47.4.20.jar:?]
	at cpw.mods.modlauncher.LaunchServiceHandlerDecorator.launch(LaunchServiceHandlerDecorator.java:30) ~[modlauncher-10.0.9.jar:?]
	at cpw.mods.modlauncher.LaunchServiceHandler.launch(LaunchServiceHandler.java:53) ~[modlauncher-10.0.9.jar:?]
	at cpw.mods.modlauncher.LaunchServiceHandler.launch(LaunchServiceHandler.java:71) ~[modlauncher-10.0.9.jar:?]
	at cpw.mods.modlauncher.Launcher.run(Launcher.java:108) ~[modlauncher-10.0.9.jar:?]
	at cpw.mods.modlauncher.Launcher.main(Launcher.java:78) ~[modlauncher-10.0.9.jar:?]
	at cpw.mods.modlauncher.BootstrapLaunchConsumer.accept(BootstrapLaunchConsumer.java:26) ~[modlauncher-10.0.9.jar:?]
	at cpw.mods.modlauncher.BootstrapLaunchConsumer.accept(BootstrapLaunchConsumer.java:23) ~[modlauncher-10.0.9.jar:?]
	at cpw.mods.bootstraplauncher.BootstrapLauncher.main(BootstrapLauncher.java:141) ~[bootstraplauncher-1.1.2.jar:?]
[048月2026 10:40:09.491] [Render thread/ERROR] [net.minecraftforge.fml.ModLoader/]: Cowardly refusing to send event net.minecraftforge.client.event.sound.SoundEngineLoadEvent to a broken mod state
[048月2026 10:40:09.609] [Render thread/ERROR] [net.minecraftforge.fml.ModLoader/]: Cowardly refusing to send event net.minecraftforge.client.event.RegisterColorHandlersEvent$Block to a broken mod state
[048月2026 10:40:09.610] [Render thread/ERROR] [net.minecraftforge.fml.ModLoader/]: Cowardly refusing to send event net.minecraftforge.client.event.RegisterColorHandlersEvent$Item to a broken mod state
[048月2026 10:40:09.740] [Render thread/ERROR] [net.minecraftforge.fml.ModLoader/]: Cowardly refusing to send event net.minecraftforge.client.event.RenderLevelStageEvent$RegisterStageEvent to a broken mod state
[048月2026 10:40:09.771] [Render thread/ERROR] [net.minecraftforge.fml.ModLoader/]: Cowardly refusing to send event net.minecraftforge.client.event.RegisterParticleProvidersEvent to a broken mod state
[048月2026 10:40:09.806] [Render thread/ERROR] [net.minecraftforge.fml.ModLoader/]: Cowardly refusing to send event net.minecraftforge.client.event.RegisterClientReloadListenersEvent to a broken mod state
[048月2026 10:40:09.807] [Render thread/ERROR] [net.minecraftforge.fml.ModLoader/]: Cowardly refusing to send event net.minecraftforge.client.event.EntityRenderersEvent$RegisterLayerDefinitions to a broken mod state
[048月2026 10:40:09.807] [Render thread/ERROR] [net.minecraftforge.fml.ModLoader/]: Cowardly refusing to send event net.minecraftforge.client.event.EntityRenderersEvent$RegisterRenderers to a broken mod state
[048月2026 10:40:09.807] [Render thread/ERROR] [net.minecraftforge.fml.ModLoader/]: Cowardly refusing to send event net.minecraftforge.client.event.RegisterTextureAtlasSpriteLoadersEvent to a broken mod state
[048月2026 10:40:09.808] [Render thread/ERROR] [net.minecraftforge.fml.ModLoader/]: Cowardly refusing to send event net.minecraftforge.client.event.RegisterClientTooltipComponentFactoriesEvent to a broken mod state
[048月2026 10:40:09.808] [Render thread/ERROR] [net.minecraftforge.fml.ModLoader/]: Cowardly refusing to send event net.minecraftforge.client.event.RegisterEntitySpectatorShadersEvent to a broken mod state
[048月2026 10:40:09.808] [Render thread/ERROR] [net.minecraftforge.fml.ModLoader/]: Cowardly refusing to send event net.minecraftforge.client.event.RegisterKeyMappingsEvent to a broken mod state
[048月2026 10:40:09.809] [Render thread/ERROR] [net.minecraftforge.fml.ModLoader/]: Cowardly refusing to send event net.minecraftforge.client.event.RegisterRecipeBookCategoriesEvent to a broken mod state
[048月2026 10:40:09.812] [Render thread/ERROR] [net.minecraftforge.fml.ModLoader/]: Cowardly refusing to send event net.minecraftforge.client.event.RegisterGuiOverlaysEvent to a broken mod state
[048月2026 10:40:09.814] [Render thread/ERROR] [net.minecraftforge.fml.ModLoader/]: Cowardly refusing to send event net.minecraftforge.client.event.RegisterDimensionSpecialEffectsEvent to a broken mod state
[048月2026 10:40:09.815] [Render thread/ERROR] [net.minecraftforge.fml.ModLoader/]: Cowardly refusing to send event net.minecraftforge.client.event.RegisterNamedRenderTypesEvent to a broken mod state
[048月2026 10:40:09.815] [Render thread/ERROR] [net.minecraftforge.fml.ModLoader/]: Cowardly refusing to send event net.minecraftforge.client.event.RegisterColorHandlersEvent$ColorResolvers to a broken mod state
[048月2026 10:40:09.816] [Render thread/ERROR] [net.minecraftforge.fml.ModLoader/]: Cowardly refusing to send event net.minecraftforge.client.event.RegisterItemDecorationsEvent to a broken mod state
[048月2026 10:40:09.828] [Render thread/ERROR] [net.minecraftforge.fml.ModLoader/]: Cowardly refusing to send event net.minecraftforge.client.event.RegisterPresetEditorsEvent to a broken mod state
[048月2026 10:40:09.880] [Render thread/INFO] [net.minecraft.server.packs.resources.ReloadableResourceManager/]: Reloading ResourceManager: vanilla, file/Minecraft-Mod-Language-Modpack-Converted-1.20.1.zip
[048月2026 10:40:10.373] [Render thread/WARN] [net.minecraft.server.packs.FilePackResources/]: Invalid path in datapack: i18nupdatemod:font/OFL.txt, ignoring
[048月2026 10:40:10.844] [Render thread/ERROR] [net.minecraftforge.fml.ModLoader/]: Cowardly refusing to send event net.minecraftforge.client.event.ModelEvent$RegisterGeometryLoaders to a broken mod state
[048月2026 10:40:10.883] [Worker-Main-3/INFO] [net.minecraft.client.gui.font.providers.UnihexProvider/]: Found unifont_all_no_pua-15.0.06.hex, loading
[048月2026 10:40:18.467] [Worker-Main-12/ERROR] [net.minecraftforge.fml.ModLoader/]: Cowardly refusing to send event net.minecraftforge.client.event.ModelEvent$RegisterAdditional to a broken mod state
[048月2026 10:40:19.230] [Worker-Main-11/ERROR] [net.minecraftforge.fml.ModLoader/]: Cowardly refusing to send event net.minecraftforge.client.event.ModelEvent$ModifyBakingResult to a broken mod state
[048月2026 10:40:19.382] [Render thread/WARN] [net.minecraft.client.resources.language.ClientLanguage/]: Skipped language file: minecells:lang/zh_cn.json (com.google.gson.JsonSyntaxException: Expected chat.minecells.wipe_try to be a string, was an array (["\n...n"]))
[048月2026 10:40:19.515] [Render thread/WARN] [net.minecraft.client.resources.language.ClientLanguage/]: Skipped language file: isometric-renders:lang/zh_cn.json (com.google.gson.JsonSyntaxException: Expected gui.isometric-renders.hud.area_selection.clear_hint to be a string, was an array ([{"t..."}]))
[048月2026 10:40:19.522] [Render thread/WARN] [net.minecraft.client.resources.language.ClientLanguage/]: Skipped language file: mythicmetals:lang/zh_cn.json (com.google.gson.JsonSyntaxException: Expected tooltip.mythril_drill.refuel to be a string, was an array ([{"t..."}]))
[048月2026 10:40:19.653] [Render thread/DEBUG] [net.minecraftforge.common.ForgeI18n/CORE]: Loading I18N data entries: 278068
[048月2026 10:40:19.913] [Render thread/WARN] [net.minecraft.client.sounds.SoundEngine/]: Missing sound for event: minecraft:item.goat_horn.play
[048月2026 10:40:19.913] [Render thread/WARN] [net.minecraft.client.sounds.SoundEngine/]: Missing sound for event: minecraft:entity.goat.screaming.horn_break
[048月2026 10:40:19.947] [Render thread/INFO] [com.mojang.blaze3d.audio.Library/]: OpenAL initialized on device OpenAL Soft on 耳机 (Realtek(R) Audio)
[048月2026 10:40:19.948] [Render thread/INFO] [net.minecraft.client.sounds.SoundEngine/SOUNDS]: Sound engine started
[048月2026 10:40:19.948] [Render thread/ERROR] [net.minecraftforge.fml.ModLoader/]: Cowardly refusing to send event net.minecraftforge.client.event.sound.SoundEngineLoadEvent to a broken mod state
[048月2026 10:40:20.037] [Render thread/INFO] [net.minecraft.client.renderer.texture.TextureAtlas/]: Created: 1024x512x4 minecraft:textures/atlas/blocks.png-atlas
[048月2026 10:40:20.042] [Render thread/ERROR] [net.minecraftforge.fml.ModLoader/]: Cowardly refusing to send event net.minecraftforge.client.event.TextureStitchEvent$Post to a broken mod state
[048月2026 10:40:20.042] [Render thread/INFO] [net.minecraft.client.renderer.texture.TextureAtlas/]: Created: 256x256x4 minecraft:textures/atlas/signs.png-atlas
[048月2026 10:40:20.042] [Render thread/ERROR] [net.minecraftforge.fml.ModLoader/]: Cowardly refusing to send event net.minecraftforge.client.event.TextureStitchEvent$Post to a broken mod state
[048月2026 10:40:20.042] [Render thread/INFO] [net.minecraft.client.renderer.texture.TextureAtlas/]: Created: 512x512x4 minecraft:textures/atlas/banner_patterns.png-atlas
[048月2026 10:40:20.043] [Render thread/ERROR] [net.minecraftforge.fml.ModLoader/]: Cowardly refusing to send event net.minecraftforge.client.event.TextureStitchEvent$Post to a broken mod state
[048月2026 10:40:20.043] [Render thread/INFO] [net.minecraft.client.renderer.texture.TextureAtlas/]: Created: 512x512x4 minecraft:textures/atlas/shield_patterns.png-atlas
[048月2026 10:40:20.043] [Render thread/ERROR] [net.minecraftforge.fml.ModLoader/]: Cowardly refusing to send event net.minecraftforge.client.event.TextureStitchEvent$Post to a broken mod state
[048月2026 10:40:20.044] [Render thread/INFO] [net.minecraft.client.renderer.texture.TextureAtlas/]: Created: 1024x1024x4 minecraft:textures/atlas/armor_trims.png-atlas
[048月2026 10:40:20.045] [Render thread/ERROR] [net.minecraftforge.fml.ModLoader/]: Cowardly refusing to send event net.minecraftforge.client.event.TextureStitchEvent$Post to a broken mod state
[048月2026 10:40:20.045] [Render thread/INFO] [net.minecraft.client.renderer.texture.TextureAtlas/]: Created: 128x64x4 minecraft:textures/atlas/decorated_pot.png-atlas
[048月2026 10:40:20.047] [Render thread/ERROR] [net.minecraftforge.fml.ModLoader/]: Cowardly refusing to send event net.minecraftforge.client.event.TextureStitchEvent$Post to a broken mod state
[048月2026 10:40:20.047] [Render thread/INFO] [net.minecraft.client.renderer.texture.TextureAtlas/]: Created: 256x256x4 minecraft:textures/atlas/chest.png-atlas
[048月2026 10:40:20.047] [Render thread/ERROR] [net.minecraftforge.fml.ModLoader/]: Cowardly refusing to send event net.minecraftforge.client.event.TextureStitchEvent$Post to a broken mod state
[048月2026 10:40:20.047] [Render thread/INFO] [net.minecraft.client.renderer.texture.TextureAtlas/]: Created: 512x256x4 minecraft:textures/atlas/beds.png-atlas
[048月2026 10:40:20.047] [Render thread/ERROR] [net.minecraftforge.fml.ModLoader/]: Cowardly refusing to send event net.minecraftforge.client.event.TextureStitchEvent$Post to a broken mod state
[048月2026 10:40:20.048] [Render thread/INFO] [net.minecraft.client.renderer.texture.TextureAtlas/]: Created: 512x256x4 minecraft:textures/atlas/shulker_boxes.png-atlas
[048月2026 10:40:20.048] [Render thread/ERROR] [net.minecraftforge.fml.ModLoader/]: Cowardly refusing to send event net.minecraftforge.client.event.TextureStitchEvent$Post to a broken mod state
[048月2026 10:40:20.048] [Render thread/ERROR] [net.minecraftforge.fml.ModLoader/]: Cowardly refusing to send event net.minecraftforge.client.event.ModelEvent$BakingCompleted to a broken mod state
[048月2026 10:40:20.089] [Render thread/ERROR] [net.minecraftforge.fml.ModLoader/]: Cowardly refusing to send event net.minecraftforge.client.event.EntityRenderersEvent$CreateSkullModels to a broken mod state
[048月2026 10:40:20.090] [Render thread/ERROR] [net.minecraftforge.fml.ModLoader/]: Cowardly refusing to send event net.minecraftforge.client.event.EntityRenderersEvent$CreateSkullModels to a broken mod state
[048月2026 10:40:20.131] [Render thread/ERROR] [net.minecraftforge.fml.ModLoader/]: Cowardly refusing to send event net.minecraftforge.client.event.EntityRenderersEvent$CreateSkullModels to a broken mod state
[048月2026 10:40:20.133] [Render thread/ERROR] [net.minecraftforge.fml.ModLoader/]: Cowardly refusing to send event net.minecraftforge.client.event.EntityRenderersEvent$CreateSkullModels to a broken mod state
[048月2026 10:40:20.134] [Render thread/ERROR] [net.minecraftforge.fml.ModLoader/]: Cowardly refusing to send event net.minecraftforge.client.event.EntityRenderersEvent$CreateSkullModels to a broken mod state
[048月2026 10:40:20.136] [Render thread/ERROR] [net.minecraftforge.fml.ModLoader/]: Cowardly refusing to send event net.minecraftforge.client.event.EntityRenderersEvent$CreateSkullModels to a broken mod state
[048月2026 10:40:20.137] [Render thread/ERROR] [net.minecraftforge.fml.ModLoader/]: Cowardly refusing to send event net.minecraftforge.client.event.EntityRenderersEvent$CreateSkullModels to a broken mod state
[048月2026 10:40:20.139] [Render thread/ERROR] [net.minecraftforge.fml.ModLoader/]: Cowardly refusing to send event net.minecraftforge.client.event.EntityRenderersEvent$CreateSkullModels to a broken mod state
[048月2026 10:40:20.140] [Render thread/ERROR] [net.minecraftforge.fml.ModLoader/]: Cowardly refusing to send event net.minecraftforge.client.event.EntityRenderersEvent$CreateSkullModels to a broken mod state
[048月2026 10:40:20.140] [Render thread/ERROR] [net.minecraftforge.fml.ModLoader/]: Cowardly refusing to send event net.minecraftforge.client.event.EntityRenderersEvent$CreateSkullModels to a broken mod state
[048月2026 10:40:20.140] [Render thread/ERROR] [net.minecraftforge.fml.ModLoader/]: Cowardly refusing to send event net.minecraftforge.client.event.EntityRenderersEvent$CreateSkullModels to a broken mod state
[048月2026 10:40:20.141] [Render thread/ERROR] [net.minecraftforge.fml.ModLoader/]: Cowardly refusing to send event net.minecraftforge.client.event.EntityRenderersEvent$CreateSkullModels to a broken mod state
[048月2026 10:40:20.142] [Render thread/ERROR] [net.minecraftforge.fml.ModLoader/]: Cowardly refusing to send event net.minecraftforge.client.event.EntityRenderersEvent$CreateSkullModels to a broken mod state
[048月2026 10:40:20.145] [Render thread/ERROR] [net.minecraftforge.fml.ModLoader/]: Cowardly refusing to send event net.minecraftforge.client.event.EntityRenderersEvent$CreateSkullModels to a broken mod state
[048月2026 10:40:20.145] [Render thread/ERROR] [net.minecraftforge.fml.ModLoader/]: Cowardly refusing to send event net.minecraftforge.client.event.EntityRenderersEvent$CreateSkullModels to a broken mod state
[048月2026 10:40:20.146] [Render thread/ERROR] [net.minecraftforge.fml.ModLoader/]: Cowardly refusing to send event net.minecraftforge.client.event.EntityRenderersEvent$CreateSkullModels to a broken mod state
[048月2026 10:40:20.146] [Render thread/ERROR] [net.minecraftforge.fml.ModLoader/]: Cowardly refusing to send event net.minecraftforge.client.event.EntityRenderersEvent$CreateSkullModels to a broken mod state
[048月2026 10:40:20.147] [Render thread/ERROR] [net.minecraftforge.fml.ModLoader/]: Cowardly refusing to send event net.minecraftforge.client.event.EntityRenderersEvent$CreateSkullModels to a broken mod state
[048月2026 10:40:20.147] [Render thread/ERROR] [net.minecraftforge.fml.ModLoader/]: Cowardly refusing to send event net.minecraftforge.client.event.EntityRenderersEvent$CreateSkullModels to a broken mod state
[048月2026 10:40:20.150] [Render thread/ERROR] [net.minecraftforge.fml.ModLoader/]: Cowardly refusing to send event net.minecraftforge.client.event.EntityRenderersEvent$CreateSkullModels to a broken mod state
[048月2026 10:40:20.150] [Render thread/ERROR] [net.minecraftforge.fml.ModLoader/]: Cowardly refusing to send event net.minecraftforge.client.event.EntityRenderersEvent$CreateSkullModels to a broken mod state
[048月2026 10:40:20.150] [Render thread/ERROR] [net.minecraftforge.fml.ModLoader/]: Cowardly refusing to send event net.minecraftforge.client.event.EntityRenderersEvent$AddLayers to a broken mod state
[048月2026 10:40:20.165] [Render thread/WARN] [net.minecraft.client.renderer.ShaderInstance/]: Shader rendertype_entity_translucent_emissive could not find sampler named Sampler2 in the specified shader program.
[048月2026 10:40:20.182] [Render thread/ERROR] [net.minecraftforge.fml.ModLoader/]: Cowardly refusing to send event net.minecraftforge.client.event.RegisterShadersEvent to a broken mod state
[048月2026 10:40:20.194] [Render thread/INFO] [net.minecraft.client.renderer.texture.TextureAtlas/]: Created: 256x256x0 minecraft:textures/atlas/particles.png-atlas
[048月2026 10:40:20.194] [Render thread/ERROR] [net.minecraftforge.fml.ModLoader/]: Cowardly refusing to send event net.minecraftforge.client.event.TextureStitchEvent$Post to a broken mod state
[048月2026 10:40:20.194] [Render thread/INFO] [net.minecraft.client.renderer.texture.TextureAtlas/]: Created: 256x256x0 minecraft:textures/atlas/paintings.png-atlas
[048月2026 10:40:20.194] [Render thread/ERROR] [net.minecraftforge.fml.ModLoader/]: Cowardly refusing to send event net.minecraftforge.client.event.TextureStitchEvent$Post to a broken mod state
[048月2026 10:40:20.194] [Render thread/INFO] [net.minecraft.client.renderer.texture.TextureAtlas/]: Created: 128x128x0 minecraft:textures/atlas/mob_effects.png-atlas
[048月2026 10:40:20.194] [Render thread/ERROR] [net.minecraftforge.fml.ModLoader/]: Cowardly refusing to send event net.minecraftforge.client.event.TextureStitchEvent$Post to a broken mod state
[048月2026 10:40:20.207] [Render thread/DEBUG] [net.minecraftforge.common.ForgeI18n/CORE]: Loading I18N data entries: 6434
[048月2026 10:40:20.242] [Render thread/DEBUG] [oshi.util.FileUtil/]: No oshi.architecture.properties file found from ClassLoader cpw.mods.modlauncher.TransformingClassLoader@54b2d002
[048月2026 10:40:20.324] [Render thread/FATAL] [net.minecraftforge.client.loading.ClientModLoader/]: Crash report saved to D:\game\mc\.minecraft\versions\测试MOD\crash-reports\crash-2026-08-04_10.40.20-fml.txt
